id,playlist_id,artist_id,album_id,name
5MAK1nd8R6PWnle1Q1WJvh,0l4WHvspQKRVqyvQU6h7W1,5RCWMaArEntbkeWYVxCiFW,160pzqIuixGY7qegAnQCHY,I See Red
32YHCNItnCdiYaPbw0uTo8,0l4WHvspQKRVqyvQU6h7W1,5MspMQqdVbdwP6ax3GXqum,4gnEi23PFBwHXT9rMqTsN5,"I Put A Spell On You (Fifty Shades of Grey) - From ""Fifty Shades Of Grey"" Soundtrack"
3fjN3y5x4hN53rykAN2LHQ,0l4WHvspQKRVqyvQU6h7W1,2IMZYfNi21MGqxopj9fWx8,2jt6z03JV7Ax8ZdlOrs9BK,cómo dormiste?
4gcVqUyT7lj281442LiBYV,0l4WHvspQKRVqyvQU6h7W1,3p8PwzenE7ktd4BVFuQzMD,02HbzA9lAQTVWuLvaYuSj8,cómo dormiste?
6I9VzXrHxO9rA9A5euc8Ak,0l4WHvspQKRVqyvQU6h7W1,26dSoYclwsYLMAKD3tpOr4,0z7pVBGOD7HCIB7S8eLkLI,Toxic
2XIc1pqjXV3Cr2BQUGNBck,0l4WHvspQKRVqyvQU6h7W1,4q3ewBCX7sLwd24euuV69X,2d9BCZeAAhiZWPpbX9aPCW,LA NOCHE DE ANOCHE
3XjvMZqm2AQ8thMCD6w9w2,0l4WHvspQKRVqyvQU6h7W1,2R21vXR83lH98kGeO99Y66,7goOJ9hkBfNyuESHKmtGWu,Mas Rica Que Ayer
05SBRd4fXgn8FX7bf8BCAE,0szuSEuEty0gjfdMiqg5Gl,7CajNmpbOovFoOoasH2HaY,7w19PFbxAjwZ7UVNp9z0uT,I Need Your Love (feat. Ellie Goulding)
7MmG8p0F9N3C4AXdK6o6Eb,0szuSEuEty0gjfdMiqg5Gl,7CajNmpbOovFoOoasH2HaY,48zisMeiXniWLzOQghbPqS,Outside (feat. Ellie Goulding)
0azC730Exh71aQlOt9Zj3y,0szuSEuEty0gjfdMiqg5Gl,7CajNmpbOovFoOoasH2HaY,3pEgGUv379EDinvg1TN7Kt,This Is What You Came For
22mek4IiqubGD9ctzxc69s,0szuSEuEty0gjfdMiqg5Gl,7CajNmpbOovFoOoasH2HaY,3cG32DOXJoYlOHMmJIaQsm,How Deep Is Your Love
6YUTL4dYpB9xZO5qExPf05,0szuSEuEty0gjfdMiqg5Gl,7CajNmpbOovFoOoasH2HaY,48zisMeiXniWLzOQghbPqS,Summer
7ef4DlsgrMEH11cDZd32M6,0szuSEuEty0gjfdMiqg5Gl,7CajNmpbOovFoOoasH2HaY,7GEzhoTiqcPYkOprWQu581,One Kiss (with Dua Lipa)
07nH4ifBxUB4lZcsf44Brn,0szuSEuEty0gjfdMiqg5Gl,7CajNmpbOovFoOoasH2HaY,48zisMeiXniWLzOQghbPqS,Blame (feat. John Newman)
5N5k9nd479b1xpDZ4usjrg,0szuSEuEty0gjfdMiqg5Gl,7CajNmpbOovFoOoasH2HaY,2tpWgbBdzjkaJVJzR4T8y1,Promises (with Sam Smith)
1gihuPhrLraKYrJMAEONyc,0szuSEuEty0gjfdMiqg5Gl,7CajNmpbOovFoOoasH2HaY,7w19PFbxAjwZ7UVNp9z0uT,Feel So Close - Radio Edit
1vvNmPOiUuyCbgWmtc6yfm,0szuSEuEty0gjfdMiqg5Gl,7CajNmpbOovFoOoasH2HaY,0dzeoQhVNzKkwM5ieOJC54,My Way
5itOtNx0WxtJmi1TQ3RuRd,0szuSEuEty0gjfdMiqg5Gl,7CajNmpbOovFoOoasH2HaY,4PwXTHenZZx7ebgsnTM65K,Giant (with Rag'n'Bone Man)
4J7CKHCF3mdL4diUsmW8lq,0szuSEuEty0gjfdMiqg5Gl,7CajNmpbOovFoOoasH2HaY,48zisMeiXniWLzOQghbPqS,Under Control (feat. Hurts)
6gpcs5eMhJwax4mIfKDYQk,0szuSEuEty0gjfdMiqg5Gl,7CajNmpbOovFoOoasH2HaY,1UIlzhqJLiA3f6OVw7QKn6,Slide (feat. Frank Ocean & Migos)
1KtD0xaLAikgIt5tPbteZQ,0szuSEuEty0gjfdMiqg5Gl,7CajNmpbOovFoOoasH2HaY,7w19PFbxAjwZ7UVNp9z0uT,Thinking About You (feat. Ayah Marar)
7B1Dl3tXqySkB8OPEwVvSu,0szuSEuEty0gjfdMiqg5Gl,7CajNmpbOovFoOoasH2HaY,7w19PFbxAjwZ7UVNp9z0uT,We'll Be Coming Back (feat. Example)
1sh6lL6cmlcwhqZKGiKBua,0szuSEuEty0gjfdMiqg5Gl,1vCWHaC5f2uS3yhpwWbIA6,0sOrbRnJcNod63r49kmGVb,I Could Be The One (Avicii Vs. Nicky Romero) - Radio Edit
5snkvcSdsrrAZYYJUY9SAp,0szuSEuEty0gjfdMiqg5Gl,5CiGnKThu5ctn9pBxv7DGa,0jpvC8zvqg2ZSk6iErmMTk,I Found You
3ScJy88F8KqGDfWu8XJhHx,0szuSEuEty0gjfdMiqg5Gl,5Pwc4xIPtQLFEnJriah9YJ,42UJjk8i8L0De7lQtu7sqi,If I Lose Myself - Alesso vs OneRepublic
3zU9rdflI65tK4dkkNSp77,0szuSEuEty0gjfdMiqg5Gl,4AVFqumd2ogHFlRbKIjp1t,0tRVSbmOwilUucqjzU0fQw,Heroes (we could be)
6jreFSOTUAViWjKyzOC4Kg,0szuSEuEty0gjfdMiqg5Gl,4AVFqumd2ogHFlRbKIjp1t,0LOJHhz9ybWLVMLucHYtCe,REMEDY
5Gu0PDLN4YJeW75PpBSg9p,0szuSEuEty0gjfdMiqg5Gl,5p7f24Rk5HkUZsaS3BLG5F,3ggBBGRhkDVAu7pQRXRPXO,"Let Me Go (with Alesso, Florida Georgia Line & watt)"
2ToIksTPpJ4csKPEOdUEyM,0szuSEuEty0gjfdMiqg5Gl,4AVFqumd2ogHFlRbKIjp1t,0tRVSbmOwilUucqjzU0fQw,Cool
54ZPmGE1uOG9IYoUBSRSp7,0szuSEuEty0gjfdMiqg5Gl,1bpzpALZwOoKXzwMg2i8WB,3mDXpAc8LCT6ssObfK7mym,City Of Dreams - Radio Edit
6vPJvkEuWZPcv58NnQ3dBR,0szuSEuEty0gjfdMiqg5Gl,4AVFqumd2ogHFlRbKIjp1t,0tRVSbmOwilUucqjzU0fQw,Sweet Escape
79dAoLSHhMX0mWF82zv2fp,0szuSEuEty0gjfdMiqg5Gl,4AVFqumd2ogHFlRbKIjp1t,20YoGRlmIvZeMqXFk8ZR5H,Years - Radio Edit
43mNwDn0zOH2HKl5B4aqcx,0szuSEuEty0gjfdMiqg5Gl,4AVFqumd2ogHFlRbKIjp1t,79lixUK9CJi0VpDymcQ3iY,Falling
7JHdotEeGSIbtFuo4dVvsC,0szuSEuEty0gjfdMiqg5Gl,4AVFqumd2ogHFlRbKIjp1t,23yCVntK9nAjsZXHqX6hGS,In The Middle
487YcMcIJ0kJab9iHhyaNw,0szuSEuEty0gjfdMiqg5Gl,5ChF3i92IPZHduM7jN3dpg,2vQhahYsf0a2TbGiTX3Uv5,Like Home
2gqzTQEn4g5ly0n5ScdMx0,0szuSEuEty0gjfdMiqg5Gl,5ChF3i92IPZHduM7jN3dpg,6HiujSCdsYuCXdd759w2kr,Love You Forever
6zrkWFn28ep82mbAXsQn1k,0szuSEuEty0gjfdMiqg5Gl,2rTo8KIkBTFjQS7VvaKYQ4,4ImvRnu6rXC5Ye7ImmTfGU,Ups & Downs
0E9ZjEAyAwOXZ7wJC0PD33,0szuSEuEty0gjfdMiqg5Gl,3v6Ji4uoWtKRkhuDUaxi9n,1c79SozES9Eb3Lzf9KVaIa,In My Mind
6qn9YLKt13AGvpq9jfO8py,0szuSEuEty0gjfdMiqg5Gl,5pKCCKE2ajJHZ9KAiaK11H,2g1EakEaW7fPTZC6vBmBCn,We Found Love
3Yt1ovsh3v3VEzRuhI1TL5,0szuSEuEty0gjfdMiqg5Gl,3tVQdUvClmAT7URs9V3rsp,1Mj4mLvCC9P4b167keUsRh,Joro
6hmhG1b4LEyNuashVvuIAo,0szuSEuEty0gjfdMiqg5Gl,1Xylc3o4UrD53lo9CvFvVg,5YLRVHDVRw3QqWbeTGpC5B,Never Forget You
2MHSX5b2U5DEeebmpuX8Ha,0szuSEuEty0gjfdMiqg5Gl,2mU9RFNN2NhzpR7vXK5DDt,35JGEbfeF9dGi5naxbBmNw,Ты мой кайф
0bMbDctzMmTyK2j74j3nF3,0szuSEuEty0gjfdMiqg5Gl,7vk5e3vY1uw9plTHJAMwjN,700MviIgFKNTldTXmOAFOr,"Alone, Pt. II"
5vjLSffimiIP26QG5WcN2K,0szuSEuEty0gjfdMiqg5Gl,5D3muNJhYYunbRkh3FKgX0,2EfmyRWheMtmVTCIsptsLi,Hold On
21RzyxY3EFaxVy6K4RqaU9,0szuSEuEty0gjfdMiqg5Gl,6t1gpxYbY8OlLA7D2RiikQ,3HwBA7xp3XTbFiNzU7gjwp,Body
6FuGJB290AQMAHTfjOYVaK,0szuSEuEty0gjfdMiqg5Gl,6fWVd57NKTalqvmjRd2t8Z,4PTxbJPI4jj0Kx8hwr1v0T,"Mood (Remix) feat. Justin Bieber, J Balvin & iann dior"
127QTOFJsJQp5LbJbu3A1y,0szuSEuEty0gjfdMiqg5Gl,3TVXtAsR1Inumwj472S9r4,3xIwVbGJuAcovYIhzbLO3J,Toosie Slide
1Bhm5HNO1cq8olDbBmokyL,0szuSEuEty0gjfdMiqg5Gl,7IlRNXHjoOCgEAWN5qYksg,3jqQFIXUakuDXdhFVvI7Ko,Copines
0U6bQIAh6MCGo1xjbIIx2S,0szuSEuEty0gjfdMiqg5Gl,73jBynjsVtofjRpdpRAJGk,7FTzcNdsKhMe53orWXsai8,Instagram
2cGJxXXIBrxMhk2fWUJTLs,0szuSEuEty0gjfdMiqg5Gl,6aUgzC0cMh0StjV7LyFEDr,2DtNX7KFKsCf1CNJt5gvif,Ooh Ahh (My Life Be Like) (feat. Toby Mac)
1DFD5Fotzgn6yYXkYsKiGs,0szuSEuEty0gjfdMiqg5Gl,0xRXCcSX89eobfrshSVdyu,0cqRGWD3uc5Lggpducn5nD,Piece Of Your Heart
25HVGfDUh8h1JrMF8YXOQW,0szuSEuEty0gjfdMiqg5Gl,32L0MSnwsEMC67PH2vuySs,7E6g4zFKh7hf9fK9FJ9hdG,Unlock It (Ctrl Superlove)
4iJyoBOLtHqaGxP12qzhQI,0szuSEuEty0gjfdMiqg5Gl,1uNFoZAHBGtllmzznpCI3s,5dGWwsZ9iB2Xc3UKR0gif2,Peaches (feat. Daniel Caesar & Giveon)
67BtfxlNbhBmCDR2L2l8qd,0szuSEuEty0gjfdMiqg5Gl,7jVv8c5Fj3E9VhNjxT4snq,2Hjcfw8zHN4dJDZJGOzLd6,MONTERO (Call Me By Your Name)
4iSWQ5Eadn5tZvvG9XNzYN,0szuSEuEty0gjfdMiqg5Gl,5sK8BsvyDl4TFA6KaBf8or,6vZbWkCUqbIbEZnPaoDBFF,You're Perfect
0g5EKLgdKvNlln7TNqBByK,0szuSEuEty0gjfdMiqg5Gl,540vIaP2JwjQb9dm3aArA4,02sEJTj1sye1JaqxqpcSCp,Middle
43h6hxUUBIUCwoHEos90UV,0szuSEuEty0gjfdMiqg5Gl,0RGDVI8BLlpav7sViik5MU,1rTyrM0Q3N7M3le5k9xtuK,Seaside (Demo Seb)
4TnjEaWOeW0eKTKIEvJyCa,0szuSEuEty0gjfdMiqg5Gl,7uaIm6Pw7xplS8Dy06V6pT,1Czfd5tEby3DbdYNdqzrCa,Falling
5HCyWlXZPP0y6Gqq8TgA20,0szuSEuEty0gjfdMiqg5Gl,2tIP7SsRs7vjIcLrU85W8J,4QLAtpLNUsHEYrcHXmMIZZ,STAY (with Justin Bieber)
3bC1ahPIYt1btJzSSEyyrF,0szuSEuEty0gjfdMiqg5Gl,0jnsk9HBra6NMjO2oANoPY,7eLwoxxWs6lfkVYJGkGNbk,Whistle
4QNpBfC0zvjKqPJcyqBy9W,0szuSEuEty0gjfdMiqg5Gl,0TnOYISbd1XYRBk9myaseg,4rG0MhkU6UojACJxkMHIXB,Give Me Everything (feat. Nayer)
2V65y3PX4DkRhy1djlxd9p,0szuSEuEty0gjfdMiqg5Gl,1h6Cn3P4NGzXbaXidqURXs,3RKhRsifs4RWrqvWV1YpPY,Don't You Worry Child - Radio Edit
3bidbhpOYeV4knp8AIu8Xn,0szuSEuEty0gjfdMiqg5Gl,6WLvgbfYXQPO396oJEYCsi,76FXHQhTuT4QMIxfL09gX8,Can't Hold Us (feat. Ray Dalton)
46HNZY1i7O6jwTA7Slo2PI,0szuSEuEty0gjfdMiqg5Gl,4gzpq5DPGxSnKTe4SA8HAU,06mXfvDsRZNfnsGZvX2zpb,My Universe
0FDzzruyVECATHXKHFs9eJ,0szuSEuEty0gjfdMiqg5Gl,4gzpq5DPGxSnKTe4SA8HAU,2G4AUqfwxcV1UdQjm2ouYr,A Sky Full of Stars
3UrNOHCzVxX2KZbNcKQAyu,0szuSEuEty0gjfdMiqg5Gl,0hCNtLu0JehylgoiP8L4Gh,22F5ZYY1sxoJjk6HzZfmC1,High School
3Vi5XqYrmQgOYBajMWSvCi,0szuSEuEty0gjfdMiqg5Gl,5cj0lLjcoR7YOSnhnX0Po5,1nAQbHeOWTfQzbOoFrvndW,Need to Know
2JoIjuzRplpYGvvLpSW2on,0szuSEuEty0gjfdMiqg5Gl,4AVFqumd2ogHFlRbKIjp1t,0D26ZmfHtg7309j2TEKxnR,Sad Song (feat. TINI)
3P3pw6C19j31Rnzgo3JG7o,0szuSEuEty0gjfdMiqg5Gl,1HBjj22wzbscIZ9sEb5dyf,2xZSrcBmvMw9Y8hac6xU7L,Perfect Strangers
4rCDfKjSS4KZk6hMB9epXh,0szuSEuEty0gjfdMiqg5Gl,6XwwFnewNgWp81MYMK8zLq,0tGht9KBhk71vOJCHZzhVk,Stereo Love - Original
2KwojFDebQV4J2b0JMRR5Q,0szuSEuEty0gjfdMiqg5Gl,4AVFqumd2ogHFlRbKIjp1t,1LtTYrAjvMjXTAo8U70eWL,Is That For Me
1SN1vSPsr4V4tIUTR3s8YW,0szuSEuEty0gjfdMiqg5Gl,1HBjj22wzbscIZ9sEb5dyf,2xZSrcBmvMw9Y8hac6xU7L,Fast Car
1ojBtNRMzjL7ptLPZCzfRz,0szuSEuEty0gjfdMiqg5Gl,1gPhS1zisyXr5dHTYZyiMe,21mA8C6F0OS2MVUaDEMnia,Thinking with My Dick (feat. Juicy J)
3uwnnTQcHM1rDqSfA4gQNz,0szuSEuEty0gjfdMiqg5Gl,6S2OmqARrzebs0tKUEyXyp,56yYgfX6M5FlpETfyZSHkn,Cool for the Summer
5GjnIpUlLGEIYk052ISOw9,0szuSEuEty0gjfdMiqg5Gl,0SfsnGyD8FpIN4U4WCkBZ5,5ZsK5SUsZilbAJ4B0vRVxF,This Is What It Feels Like
5p7ujcrUXASCNwRaWNHR1C,0szuSEuEty0gjfdMiqg5Gl,26VFTg2z8YR0cCuwLzESi2,0zzrCTzvL4ZmR42xF46Afm,Without Me
0xbZ86ejZysyNM2V5BY0EI,0szuSEuEty0gjfdMiqg5Gl,3x6gZfwmkDn92EKOwnYq4H,2u5m4L5UsUTBSmT19pNTX2,Marry Me (feat. Toya Wright)
4QTuyRQshEZYurtIDfE6g0,0szuSEuEty0gjfdMiqg5Gl,1HBjj22wzbscIZ9sEb5dyf,2xZSrcBmvMw9Y8hac6xU7L,By Your Side
6JIC3hbC28JZKZ8AlAqX8h,0szuSEuEty0gjfdMiqg5Gl,3PhoLpVuITZKcymswpck5b,2Gd77sRs3Y8z8V08Hj6EzC,Cold Heart - PNAU Remix
7CHi4DtfK4heMlQaudCuHK,0szuSEuEty0gjfdMiqg5Gl,0xRXCcSX89eobfrshSVdyu,1qSOaTvsCOyFJya3v1UzkP,Lose Control
6DCZcSspjsKoFjzjrWoCdn,0szuSEuEty0gjfdMiqg5Gl,3TVXtAsR1Inumwj472S9r4,1ATL5GLyefJaxhQzSPVrLX,God's Plan
5N4erncE7kuUccm7zEmwzk,0szuSEuEty0gjfdMiqg5Gl,2X97ZAqRKRMYFIDqtvGgGc,429B3se6xtZuvblNnS2iy7,Electricity (with Dua Lipa)
7BKLCZ1jbUBVqRi2FVlTVw,0szuSEuEty0gjfdMiqg5Gl,69GGBxA162lTqCwzJG5jLp,0rSLgV8p5FzfnqlEk4GzxE,Closer
3hlksXnvbKogFdPbpO9vel,0szuSEuEty0gjfdMiqg5Gl,0hCNtLu0JehylgoiP8L4Gh,7aADdYLiK1z7GlMFr0UIZw,Super Bass
4Li2WHPkuyCdtmokzW2007,0szuSEuEty0gjfdMiqg5Gl,3nFkdlSjzX9mRTtwJOzDYB,2P2Xwvh2xWXIZ1OWY9S9o5,Ni**as In Paris
50RJdoxw8iajGNtHQe6QeS,0szuSEuEty0gjfdMiqg5Gl,69GGBxA162lTqCwzJG5jLp,4uRfYhBBaSX8N3amojmMBE,Something Just Like This - Alesso Remix
7ytR5pFWmSjzHJIeQkgog4,0szuSEuEty0gjfdMiqg5Gl,4r63FhuTkUYltbVAg5TQnk,623PL2MBg50Br5dLXC9E9e,ROCKSTAR (feat. Roddy Ricch)
0TgnO5kdIQnnTvRlW349YM,0szuSEuEty0gjfdMiqg5Gl,6QSOpFwMSqDj21HVu34Wm1,5hcUJk5VdfuhEsDX9kBkuB,Sure Thing Sped Up - Remix
0VGEXZO5nkh701P96U8Rer,0szuSEuEty0gjfdMiqg5Gl,0s4kXsjYeH0S1xRyVGN4NO,4OEt3YmstjCdjPy6jFXXU5,Cardboard Box - Happi Remix
4JBumcMrczMjNeW8GHfts1,0szuSEuEty0gjfdMiqg5Gl,2DlGxzQSjYe5N6G9nkYghR,2zNA08b1UhXrCHk8rS4H3m,Medicine - Happy Colors & Gualtiero Remix
0WtM2NBVQNNJLh6scP13H8,0szuSEuEty0gjfdMiqg5Gl,46pWGuE3dSwY3bMMXGBvVS,2b2GHWESCWEuHiCZ2Skedp,Calm Down (with Selena Gomez)
1zB4vmk8tFRmM9UULNzbLB,0szuSEuEty0gjfdMiqg5Gl,53XhwfbYqKCa1cC15pYq2q,33pt9HBdGlAbRGBHQgsZsU,Thunder
2QqUfCa7GbxQm6gB3K4hhi,0szuSEuEty0gjfdMiqg5Gl,0r63ReVRjxrS4ATbLrdcrL,3IvN0hSsaCpMIigGZ4yJ0z,See Tình - Cukak Remix
2x0RZdkZcD8QRI53XT4GI5,0szuSEuEty0gjfdMiqg5Gl,1vCWHaC5f2uS3yhpwWbIA6,6Ad1E9vl75ZB3Ir87zwXIJ,SOS (feat. Aloe Blacc)
2G7V7zsVDxg1yRsu7Ew9RJ,0szuSEuEty0gjfdMiqg5Gl,3TVXtAsR1Inumwj472S9r4,1ATL5GLyefJaxhQzSPVrLX,In My Feelings
5kqIPrATaCc2LqxVWzQGbk,0szuSEuEty0gjfdMiqg5Gl,25u4wHJWxCA9vO0CzxAbK7,4rFrdkSWs0dtj0rWPzOk1v,7 Years
60wwxj6Dd9NJlirf84wr2c,0szuSEuEty0gjfdMiqg5Gl,2qxJFvFYMEDqd7ui6kSAcq,7juWTdmjo0vYywWu8HiQxs,Clarity
1fidCEsYlaVE3pHwKCvpFZ,0szuSEuEty0gjfdMiqg5Gl,0awl5piYwO0CDTHEkCjUhn,6zXb9FQMzawvY2Au8Kxky3,Am I Wrong
76fqWMe0buqQoaNTIbLWmr,0szuSEuEty0gjfdMiqg5Gl,73jBynjsVtofjRpdpRAJGk,4H0bjkai5WPp6Y5oLpk2iv,Mammoth
6AE0G24YXnDyEgE4L0efpB,0szuSEuEty0gjfdMiqg5Gl,73jBynjsVtofjRpdpRAJGk,4EV2HGPHQpUu4cPxJTP0OT,Tremor - Sensation 2014 Anthem
1gJbFyxVnTF8RTGCLyQxCL,0szuSEuEty0gjfdMiqg5Gl,5fahUm8t5c0GIdeTq0ZaG8,3BRZHiNQiv0t7x6kVuzFwq,Million Voices - Radio Edit
5KC7ginqShi7mhDQLttQh0,0szuSEuEty0gjfdMiqg5Gl,73jBynjsVtofjRpdpRAJGk,7GBK0goW5wG8bJUy65QDCE,Get in Trouble (So What)
2tnVG71enUj33Ic2nFN6kZ,0szuSEuEty0gjfdMiqg5Gl,4ofCBoyEiGSePFAG500xev,4zOhjJfe0dwqsNdDYk622E,Ride It
4uUG5RXrOk84mYEfFvj3cK,0szuSEuEty0gjfdMiqg5Gl,1Cs0zKBU1kc0i8ypK3B9ai,7M842DMhYVALrXsw3ty7B3,I'm Good (Blue)
0mZFBV9kO5a9DmzV16j9IA,0szuSEuEty0gjfdMiqg5Gl,5nd7jnne7zbsV2J5jBKNOY,1Xu73EVMOz9PQm6NhUmt1w,Time Machine (with MSPUIYI)
6ygkS5OGVhl2oc0vFP1IRU,0szuSEuEty0gjfdMiqg5Gl,6XwwFnewNgWp81MYMK8zLq,45e1d25DkJElUx1uCSygZD,This Is My Life
1LYkHufurmzij3rOwb5dxu,0szuSEuEty0gjfdMiqg5Gl,6XwwFnewNgWp81MYMK8zLq,0GxbkCd1FvH8dnvIJWar8W,Love Story
75NhhYjHO43mvZgYtnXgti,0szuSEuEty0gjfdMiqg5Gl,1vCWHaC5f2uS3yhpwWbIA6,1m3mf7xkXIwssVriaaTjOS,Lonely Together (feat. Rita Ora)
0LMwmV37RCmBO2so0szAFs,0szuSEuEty0gjfdMiqg5Gl,23fqKkggKUBHNkbKtXEls4,2DoFm78vsYw31kJRzvIP4l,Whatever
1DmW5Ep6ywYwxc2HMT5BG6,0szuSEuEty0gjfdMiqg5Gl,49aaHxvAJ0tCh0F15OnwIl,0LRTS7FyYLppkDLOZT02Xp,Tattoo
55Qwa5Sfzx4ab7Q2MBhgas,0szuSEuEty0gjfdMiqg5Gl,1jpObIFmNOGfBc93WowfkT,4pDIOPC2fdiaPJFlyTBJmE,On My Mind
3mfER4ORePHvN35cbZ3dkV,0szuSEuEty0gjfdMiqg5Gl,7f5Zgnp2spUuuzKplmRkt7,6Kk0U3JRoniLtiSjypjEVL,Where Are You Now
6lanRgr6wXibZr8KgzXxBl,25lAH7MWefxHQbLOJdC5Ra,7H55rcKCfwqkyDFH9wpKM6,15yvc643iYfQtb6zh9NEJo,a thousand years
6CgNoAbFJ4Q4Id4EjtbXlC,25lAH7MWefxHQbLOJdC5Ra,7CQwac16i1W5ej8YpuL3dv,4GRswj5X73eFGhe6QDTRCD,Photograph
5srB3OaAKLr5Vco3g0gpb1,25lAH7MWefxHQbLOJdC5Ra,7CQwac16i1W5ej8YpuL3dv,2hFm3LlbExnxzjAugkfVXF,Memories
1HNkqx9Ahdgi1Ixy2xkKkL,25lAH7MWefxHQbLOJdC5Ra,6eUKZXaKkcviH0Ku9w2n3V,1xn54DMo2qIqBuMqHtUsFd,Photograph
70eFcWOvlMObDhURTqT4Fv,25lAH7MWefxHQbLOJdC5Ra,6eUKZXaKkcviH0Ku9w2n3V,3oIFxDIo2fwuk4lwCmFZCx,Beautiful People (feat. Khalid)
0tgVpDi06FyKpA1z0VMD4v,25lAH7MWefxHQbLOJdC5Ra,6eUKZXaKkcviH0Ku9w2n3V,3T4tUhGYeRNVUGevb0wThu,Perfect
3HVWdVOQ0ZA45FuZGSfvns,25lAH7MWefxHQbLOJdC5Ra,1WsYCXdezMjn0KoIrLvMmC,5Nux7ozBJ5KJ02QYWwrneR,I Don't Care (with Justin Bieber)
4y4spB9m0Q6026KfkAvy9Q,25lAH7MWefxHQbLOJdC5Ra,1uNFoZAHBGtllmzznpCI3s,3P5WIUJO0Ots1lQx09TOxk,Lonely (with benny blanco)
7qEHsqek33rTcFNT9PFqLf,25lAH7MWefxHQbLOJdC5Ra,4GNC7GD6oZMSxPGyXy4MNB,5658aM19fA3JVwTK6eQX70,Someone You Loved
2gMXnyrvIjhVBUZwvLZDMP,25lAH7MWefxHQbLOJdC5Ra,4GNC7GD6oZMSxPGyXy4MNB,2wiPF3m0ylst0JSk1IvZL8,Before You Go
7lPN2DXiMsVn7XUKtOW1CS,25lAH7MWefxHQbLOJdC5Ra,1McMsnEElThX1knmY4oliG,66FPnVL9G4CMKy3wvaGTcr,drivers license
0ecC8p17cDNlxHXkuYqeR6,25lAH7MWefxHQbLOJdC5Ra,2WxjxdeF7GGdcCK276qViY,5vplYu9dji5uOQdLutFfnf,Surrender
4iJyoBOLtHqaGxP12qzhQI,25lAH7MWefxHQbLOJdC5Ra,1uNFoZAHBGtllmzznpCI3s,5dGWwsZ9iB2Xc3UKR0gif2,Peaches (feat. Daniel Caesar & Giveon)
3DamFFqW32WihKkTVlwTYQ,25lAH7MWefxHQbLOJdC5Ra,07QEuhtrNmmZ0zEcqE9SF6,3vf65wfk1EEjVhy6BjENsS,Fireflies
1cVlW9WQiGlFdWUXFdFZGh,7Ab53Irk5Llu5fmflr4uEy,4bw2Am3p9ji3mYsXNXtQcd,6NSiAkMa61CjJI9AHqOhuZ,Pa' Olvidarme De Ella
6o8ogTrSX8H0F66Pdz3Tsc,7Ab53Irk5Llu5fmflr4uEy,0AspLZGQkP38yddNoD0pLn,0B2NMC13p92JyFvXudy69Q,Baby Girl (feat. Lalo Ebratt)
7fODjB7BrQTGqh0hogW6XD,7Ab53Irk5Llu5fmflr4uEy,77ziqFxp5gaInVrF2lj4ht,3TgOrQ3p23Af8zSsxK8fdX,Que Mas Pues - Remix
4bTZeO72FwMa6wKOiqoynL,7Ab53Irk5Llu5fmflr4uEy,77ziqFxp5gaInVrF2lj4ht,3hiJmThCss4ugTPzvgUnT1,Otro Trago - Remix
4ziiAuFyXiY1HNSLGM1xv8,7Ab53Irk5Llu5fmflr4uEy,4obzFoKoKRHIphyHzJ35G3,2gUAsCAmGaSwtqcCM25LCU,DOLLAR
5e50NiIlOc2YJIftHzoehd,7Ab53Irk5Llu5fmflr4uEy,4obzFoKoKRHIphyHzJ35G3,13MHW8hoLFjX7SaVEVmj3X,MALA SANTA
7BuSE9uTIw931wtZYzvZcQ,7Ab53Irk5Llu5fmflr4uEy,07YUOmWljBTXwIseAUd9TW,0PijZTpKNGUvL12y7w4tZF,Runaway
4lzxJ4jCuFDXXGkE1LmpKR,7Ab53Irk5Llu5fmflr4uEy,64aJYyrXljOodnUG6jvhRD,76XsfdI0kGODDdhHAJKZi3,Verte Ir
5W83ErFkO3aKAIS1WMi6u0,7Ab53Irk5Llu5fmflr4uEy,2R21vXR83lH98kGeO99Y66,6owzcG80ifZRDApCpzJYK1,Secreto
3QfD4bxxkopZL7XZ8RaezH,7Ab53Irk5Llu5fmflr4uEy,0wWmUneAuhQn9L3qibj5UO,4GujZLJk2JyydUHjs1oarg,Hookah & Sheridan s
0VKkyBKCXyR99navhVRqcP,7Ab53Irk5Llu5fmflr4uEy,21451j1KhjAiaYKflxBjr1,57BGq6lpz8RK1cqr2fPVIi,La player (Bandolera)
7pxL0DzPpCjjcdfQccvnus,7Ab53Irk5Llu5fmflr4uEy,4bw2Am3p9ji3mYsXNXtQcd,2AbOpXfmqnsknVyRE2UvAE,Una Vida Para Recordar
0GmiGIxXDNrePrHBpijYDp,7Ab53Irk5Llu5fmflr4uEy,3rqKgkODmiyDdimpz5D3y1,7v95vtyP4yh88N5fx5rYdB,Sigue Bailandome
5q2JbCNi4FcnglgPfxcV65,7Ab53Irk5Llu5fmflr4uEy,2R21vXR83lH98kGeO99Y66,2ucmNNr2Y9ZI7fP4oAMdIj,Sola (Remix)
50c90QkLEHoUknqxwUrPls,7Ab53Irk5Llu5fmflr4uEy,1vrahybrKylgwkjhbmOz94,3ZXVsBMxyw60tjCnlMzLLH,Borracha
1lsRNW64tkv9fSZ7V0Ub2e,7Ab53Irk5Llu5fmflr4uEy,1vrahybrKylgwkjhbmOz94,6KiAz62idWWsLZXCsnM6t2,Borracha - Remix
3EwnwCYCO2mnCoYj5NLhER,7Ab53Irk5Llu5fmflr4uEy,6SGvRyZuaSuWmP6IWUKpGf,1p35WYGgGG62zt2e4Mydcb,Ni Gucci Ni Prada - Remix
3tRtlS9YUyYqVgqO3iM4bW,7Ab53Irk5Llu5fmflr4uEy,77ziqFxp5gaInVrF2lj4ht,6aEcQ9rZxrXDYPkWtezSVB,Miss Lonely - Dimelo Flow Remix
3jOn1ZdPldABfKQY4JBhov,7Ab53Irk5Llu5fmflr4uEy,1RBzGO6Nm3uyhUSxP7EDWO,1JGPQ2JRFR3zsWYXj6A4sC,PPP - Remix
2RcvZFouLOTFZbQHr3nhOj,7Ab53Irk5Llu5fmflr4uEy,3PAwspMN27PDm81WwXDsMf,3hqnnuMqi7Q5CTWLHnnnVD,"Domingo (Reykon, Cosculluela, Greeicy & Rauw Alejandro) - Remix"
08aYFNUTIOMGq93e2VSArQ,7Ab53Irk5Llu5fmflr4uEy,1mcTU81TzQhprhouKaTkpq,5NC9EpoBx72YRbGhlHWMPa,Que Le De
00Ia46AgCNfnXjzgH8PIKH,7Ab53Irk5Llu5fmflr4uEy,3PAwspMN27PDm81WwXDsMf,0S3696V7LiaqAJ3DKChAdL,Latina (feat. Maluma)
0zaLbiU2NEuUsohTy2H9fq,7Ab53Irk5Llu5fmflr4uEy,1GAymyGBvB4gQy5Z5LZ1Wj,6OTN3WY8omEWu6SuoQdGuR,Mocca - Remix
5lhcHMDQpNwhM62lSOrvLf,7Ab53Irk5Llu5fmflr4uEy,0qTZZWLzuD59Un5r1speHm,4aaDxJmUbZuIsBHSRclIre,Ahora Dice
4l0yXLDEjDaxJkRVEIeawj,7Ab53Irk5Llu5fmflr4uEy,329e4yvIujISKGKz1BZZbO,4yrlkd5p70RQnqgXxN5mLt,Lejos De Aquí - Remix
7GcN9q4AAH4uzQKvyuvByT,7Ab53Irk5Llu5fmflr4uEy,2Xi0zO1N71Ff9KymMs93YX,0tm8uER1ZGdUFGKUg3QTud,Como Estrellas
7dNwJbsT0sg1le5kVugGJb,7Ab53Irk5Llu5fmflr4uEy,4obzFoKoKRHIphyHzJ35G3,6JEvViJkAj8GjJbTeU5I7q,Bubalu
059bcIhyc2SBwm6sw2AZzd,7Ab53Irk5Llu5fmflr4uEy,4bw2Am3p9ji3mYsXNXtQcd,02XOoh8XrlCc466QkkjGk5,Te Vi
1QcH9aY2HKWcV6iptPgqv4,7Ab53Irk5Llu5fmflr4uEy,1vyhD5VmyZ7KMfW5gqLgo5,5ZvZm3IjTccVTaVUhw9CEL,No Es Justo
5uvucCRBTkxv7VxIDLOqe7,7Ab53Irk5Llu5fmflr4uEy,1i8SpTcr7yvPOmcqrbnVXY,0SukGZiXMtmsZoxstkBtNR,Devuelveme
4uziEsK1yiqdauKVDPsmVG,7Ab53Irk5Llu5fmflr4uEy,1vyhD5VmyZ7KMfW5gqLgo5,54lqxBRUg66EYNyqKSKU5C,Rojo
2HpbDdD3JLpAPMJFYCeC6o,7Ab53Irk5Llu5fmflr4uEy,1DxLCyH42yaHKGK3cl5bvG,2zXlWd1wEWDpoAQfBShNwJ,High (Remix)
65n40RsQ9SObH7hNvVTHp0,7Ab53Irk5Llu5fmflr4uEy,0eHQ9o50hj6ZDNBt6Ys1sD,4BQBdbRNXOJAV580HH1mr2,Explícale (feat. Cosculluela & Brytiago) - Remix
58smOywZbVu8AjWutppiQA,7Ab53Irk5Llu5fmflr4uEy,4GAS1OgXh8D5pEA6s6eBNW,2xFL1dhctBAW1NlJfIxpuY,Tú Y Yo (feat. Nicky Jam & Justin Quiles)
7mTWMsbnRPGmyLOEaImXOU,7Ab53Irk5Llu5fmflr4uEy,6kq4GHwUcUojGIu0ziSNXf,7eBK5xLEZrOfhV9x3oTRV9,Solo
34LI7rwi9H8w2S5KTHnv1M,7Ab53Irk5Llu5fmflr4uEy,0tmwSHipWxN12fsoLcFU3B,7cd7ofPesyBoPDb2dtUbj5,Quiéreme Mientras Se Pueda
7ATATJztoWLcqDAcVVof0C,7Ab53Irk5Llu5fmflr4uEy,7gZfnEnfiaHzxARJ2LeXrf,3OLSEsIMEgtcn1U9s03qRR,BEBE
2IA8cFA46DkjgbsRG7kKbp,7Ab53Irk5Llu5fmflr4uEy,6kq4GHwUcUojGIu0ziSNXf,2yPS6CKbVjymgg7W9yuSxi,Baby
1LiN0Z98FkR1t0m8KmLcAH,7Ab53Irk5Llu5fmflr4uEy,2R21vXR83lH98kGeO99Y66,464FQ8gr0oKlQ1a0TCK4Yj,Amanece
0MIcPSq9n2z5H8TAfEstri,7Ab53Irk5Llu5fmflr4uEy,1i8SpTcr7yvPOmcqrbnVXY,4s05NbwGgw5SO42AdsN5Oo,Quiero Repetir
1nfyE13arjOuO54HH0zmqj,7Ab53Irk5Llu5fmflr4uEy,0tmwSHipWxN12fsoLcFU3B,1PEgEtk3DMrUxG6Mkco3Zg,Esperándote
6KuqAtoeVzxAYOaMveLNpH,7Ab53Irk5Llu5fmflr4uEy,4VMYDCV2IEDYJArk749S6m,1copqxpiZy0dn219MSyPR7,Dura
5stMpdMWMjI3K1CDmPpXv5,7Ab53Irk5Llu5fmflr4uEy,2DspEsT7UXGKd2VaaedgG4,1eg0CHeKQqGY4odGAJ41Ci,Loco Loquito
0KHhNlHN5lWn7q332PiPys,7Ab53Irk5Llu5fmflr4uEy,0tmwSHipWxN12fsoLcFU3B,0CUMVFalkFhZM6Xo0ErxLi,Sola
782JmkLy6uVD8MW0EJrih9,7Ab53Irk5Llu5fmflr4uEy,4fCRFHEQgjqakvFgQCliMp,6Beat3EAuTTuACES6D1htA,Quiéreme (feat. Abraham Mateo & Lary Over) - Remix
7narbj6zkSW1SnMhAPep0u,7Ab53Irk5Llu5fmflr4uEy,6w9ToX5slZ4uIdmD17hJ3c,38QMtmbbl4jdpeQ29I8vMB,Triste
2kP6fOqdSQ5CYqVH5z5844,7Ab53Irk5Llu5fmflr4uEy,6HWumjoLO58NYInUHk9565,0cYaWyKgFJQRM8LV6RdNeB,Te Encontre
1Bqg4yFeVDJxchh6MjkGKy,7Ab53Irk5Llu5fmflr4uEy,4q3ewBCX7sLwd24euuV69X,3cNcI17xidck0JlZrNUpXw,Chambea
5kCoykriGdZhWMlm9vrtQI,7Ab53Irk5Llu5fmflr4uEy,2DspEsT7UXGKd2VaaedgG4,7c3cZS4ScoPCEmtZFIPqLF,Toda - Remix
3wGRfBDRNQb0nFDFrUPvq6,7Ab53Irk5Llu5fmflr4uEy,07YUOmWljBTXwIseAUd9TW,5Zyj0zwOksGYLbLAZOaC31,Vuelve
00GbPd84bEyYS477RSymJW,7Ab53Irk5Llu5fmflr4uEy,6w9ToX5slZ4uIdmD17hJ3c,3h3fxvmPbYwBp8hqjl2lQD,Tanta Falta
5buC1VFP7FSaB0YokvP0EJ,7Ab53Irk5Llu5fmflr4uEy,2biH2I1TvZlIIIc5W14oIJ,6ZDd9FZ6CDmNjTkPx8t9rz,He Querido Quererte
57Ba26w9eoXx8BBUNgRNLV,7Ab53Irk5Llu5fmflr4uEy,6HqgxkTt9KGyt27zYrwVan,2WA4eZXER4ZLTBftVKvrnO,La Forma en Que Me Miras
46LzmjYg01134CX9vrOaOI,7Ab53Irk5Llu5fmflr4uEy,6tkyhGe9hGI3Lcfo4gVh6Z,4lcEaPygjuFuB4ON8i2Vj2,Pa Olvidarte
0vnrhysrKKRdNYFKLAGzRc,7Ab53Irk5Llu5fmflr4uEy,4m6ubhNsdwF4psNf3R8kwR,43C5SssUVrK56hbM6afOYQ,Loca
6mvhi5xZsGJeWyf1uyiW0r,7Ab53Irk5Llu5fmflr4uEy,0ZHPrnImGh4re3TbSNkoZl,3p9YnUYZyns6PGxTbKeLFq,Lo siento (feat. Sofía Reyes)
79Bm3DTEYuQsDpUVHbSRsL,7Ab53Irk5Llu5fmflr4uEy,0haZhu4fFKt0Ag94kZDiz2,7tPQLOpoHALuSuHcDFUgB8,Llegaste tú (feat. Reykon)
4fj7e6Tc48Bmomwyz2Z2XC,7Ab53Irk5Llu5fmflr4uEy,0tmwSHipWxN12fsoLcFU3B,0CUMVFalkFhZM6Xo0ErxLi,Te Quemaste
0r9d60ZYPAlFHq8qnUtkXN,7Ab53Irk5Llu5fmflr4uEy,00me4Ke1LsvMxt5kydlMyU,23gojwaJJ5vJxFiAQtiTsQ,Madura (feat. Bad Bunny)
26Qhn2T88XqVinXQpmSarj,7Ab53Irk5Llu5fmflr4uEy,1SupJlEpv7RS2tPNRaHViT,1CYQlkKE5Q0khU6eMwVAVt,Atrévete
2zUo98khDXusmqfflgXcoy,7Ab53Irk5Llu5fmflr4uEy,3PAwspMN27PDm81WwXDsMf,4Yfy7qLIXR5UB7ItE28MIO,Imaginándote (feat. Daddy Yankee)
7IpRYJ71dk98P0SmgnNLYh,7Ab53Irk5Llu5fmflr4uEy,2LRoIwlKmHjgvigdNGBHNo,56dHJTQQ8lMGgBegxfYVDM,Sígueme - Remix
3JzxVjdPHJTaqLx2Usc1EY,7Ab53Irk5Llu5fmflr4uEy,5dbaLmK5SHLLg8Z4CcTJpX,109eecGsDwd2Mz5QGy7m95,Brindemos
3NSk6BMGEmYJUanuC1uuFE,7Ab53Irk5Llu5fmflr4uEy,76gTemiq6AzFV13xPA5HnW,5YjjKWHfaOJKjiv2BOTHSW,Y Que No y Que Tal
7es67JIZ333OB30dYfjfal,7Ab53Irk5Llu5fmflr4uEy,7eLcDZDYHXZCebtQmVFL25,0e1CKKCDX94OvUk79Zlr9D,SI NO VAS A VOLVER
5aiTsqQY33m7oPYf55o2eG,7Ab53Irk5Llu5fmflr4uEy,1dPGTfknpFpTXTiFtixt8b,1kazbBPuMz6h47XhzNBuXv,Mi Vida Eres Tú
0REjFxlMJRQxPqWSdmXiAT,7Ab53Irk5Llu5fmflr4uEy,329e4yvIujISKGKz1BZZbO,1PgFsarDcIwCvLX32DpcxB,Nadie
2ZEq4HT450Ye9IFGPTl9qV,6aSXm3ea8eB5LPoJktaBO2,6DgP9otnZw5z6daOntINxp,3zxRCukRL1NQC4vo7ipUet,Lonely
2KwojFDebQV4J2b0JMRR5Q,6aSXm3ea8eB5LPoJktaBO2,4AVFqumd2ogHFlRbKIjp1t,1LtTYrAjvMjXTAo8U70eWL,Is That For Me
6JqpFboOH2bq9pzaYbkKBn,6aSXm3ea8eB5LPoJktaBO2,0haZhu4fFKt0Ag94kZDiz2,2yN1kxrx1Z1CHO5VMdO2Yk,R.I.P. (feat. Rita Ora & Anitta)
2FymXX7f6OlDskukL6mjYD,6aSXm3ea8eB5LPoJktaBO2,1IueXOQyABrMOprrzwQJWN,5DT6VaKBkGR2KyQDgXEuom,We Got Love - Joel Corry Remix
41L3O37CECZt3N7ziG2z7l,6aSXm3ea8eB5LPoJktaBO2,1uNFoZAHBGtllmzznpCI3s,1SN6N3fNkZk5oXQ9X46QZ3,Yummy
64RTHdDcAWhX47bhH8nA4u,6aSXm3ea8eB5LPoJktaBO2,5LHRHt1k9lMyONurDHEdrp,7EJsoiIFzS8iBURbe6lQXf,Ayy Macarena - Remix
51Fjme0JiitpyXKuyQiCDo,6aSXm3ea8eB5LPoJktaBO2,6USMTwO0MNDnKte5a5h0xx,4WlC4FXhonJhNTXCQPGP3r,Lalala
0F7FA14euOIX8KcbEturGH,6aSXm3ea8eB5LPoJktaBO2,7jVv8c5Fj3E9VhNjxT4snq,4IRiXE5NROxknUSAUSjMoO,Old Town Road
2dpaYNEQHiRxtZbfNsse99,6aSXm3ea8eB5LPoJktaBO2,64KEffDW9EtZ1y2vBYgq8T,78EicdHZr5XBWD7llEZ1Jh,Happier
08bNPGLD8AhKpnnERrAc6G,6aSXm3ea8eB5LPoJktaBO2,64KEffDW9EtZ1y2vBYgq8T,1BmxOYHjQv1dKZRr13YRZM,FRIENDS
0tBbt8CrmxbjRP0pueQkyU,6aSXm3ea8eB5LPoJktaBO2,0C8ZW7ezQVs4URX5aX7Kqx,5gQZvWM1o8NkQndueJtZcP,Wolves
3MEYFivt6bilQ9q9mFWZ4g,6aSXm3ea8eB5LPoJktaBO2,64KEffDW9EtZ1y2vBYgq8T,7ePC9qS9mSOTY9E0YPP6yg,Alone
7sKDftgGirHWTVFMtJoDoh,6aSXm3ea8eB5LPoJktaBO2,7IlRNXHjoOCgEAWN5qYksg,3jqQFIXUakuDXdhFVvI7Ko,Djadja
3DamFFqW32WihKkTVlwTYQ,6aSXm3ea8eB5LPoJktaBO2,07QEuhtrNmmZ0zEcqE9SF6,3vf65wfk1EEjVhy6BjENsS,Fireflies
0g5EKLgdKvNlln7TNqBByK,6aSXm3ea8eB5LPoJktaBO2,540vIaP2JwjQb9dm3aArA4,02sEJTj1sye1JaqxqpcSCp,Middle
5N4erncE7kuUccm7zEmwzk,6aSXm3ea8eB5LPoJktaBO2,2X97ZAqRKRMYFIDqtvGgGc,429B3se6xtZuvblNnS2iy7,Electricity (with Dua Lipa)
6iW38RGqdDGOofmz2HeXLW,6aSXm3ea8eB5LPoJktaBO2,0xRXCcSX89eobfrshSVdyu,6RlifxGX8F3IijsJXkTIlq,Piece Of Your Heart - Alok Remix
1BncfTJAWxrsxyT9culBrj,6aSXm3ea8eB5LPoJktaBO2,2uFUBdaVGtyMqckSeCl0Qj,3uJ6D2WOPdjwJ0SrsH9EiG,Experience
6Q4foUefrAyCt8VxJFML56,1sjyOHCsxcqT58GzUlzrvc,1mXAhKnZEdF6rotyyd4GBi,4QEhWb117FJJ8HowEyn6pg,Olha A Explosão
62LiYpeFoJaixqkaNRGg47,1sjyOHCsxcqT58GzUlzrvc,0NsJZ5PMjqghGDuMzY7CuT,0Vyc1CPiHapppuNmA7rGTV,Aquele 1% - Ao Vivo
18EO0a9N2BhxhufAh2BJh6,1sjyOHCsxcqT58GzUlzrvc,0NsJZ5PMjqghGDuMzY7CuT,4jJtgkspNkO7BeCm3qtyed,Domingo de Manhã
26Vmg97Pv0MaxIdKsBrXTq,1sjyOHCsxcqT58GzUlzrvc,3gJK5PRn2FUQIT7cbgVryV,5VmlupfS69IXynlBcA6IAa,Amiga Parceira
69uKYDeTWn1wFssqP6OZjb,1sjyOHCsxcqT58GzUlzrvc,3qvcCP2J0fWi0m0uQDUf6r,3xCayP2LKZhZotGfzVT9Fx,Escreve Aí - Ao Vivo
77VvA3wNFxm1P9amCKlVHQ,1sjyOHCsxcqT58GzUlzrvc,1AL2GKpmRrKXkYIcASuRFa,2XBH0A3tGyPxKnRWH7JGkT,Camarote
3XDUFBYZy50XMaTXUZtRXA,1sjyOHCsxcqT58GzUlzrvc,1on7ZQ2pvgeQF4vmIA09x5,3T1n2CfGfA9W5uGhAa7YrU,Céu Azul (Ao Vivo)
3GmJxfnUDrIs1iCfKUELFz,1sjyOHCsxcqT58GzUlzrvc,1yR65psqiazQpeM79CcGh8,0q1sCNFTFPy66A2zeK8qh5,Supera - Ao Vivo
3RbXsVQr4jeTxvT35Hssq3,1sjyOHCsxcqT58GzUlzrvc,1yR65psqiazQpeM79CcGh8,4HpiwfnQvs867JNWeLy1vr,Bebi Liguei - Ao Vivo
1xyVMQx51Kab6eLVtE6twx,1sjyOHCsxcqT58GzUlzrvc,6TYimByryGphZCtwYopH0y,1CqADkcK8HJY1ss4i3cJqU,Cobaia
4E6RdcCWMiHTu7zy1VTNDo,1sjyOHCsxcqT58GzUlzrvc,1yR65psqiazQpeM79CcGh8,3mTbv6MyAR4KEDh0w8s9Nk,Todo Mundo Vai Sofrer - Ao Vivo
7q4aClIlFcgyVQDACJQdmG,1sjyOHCsxcqT58GzUlzrvc,28uJnu5EsrGml2tBd7y8ts,7zsQ5suVlsbukzTjgAzrpm,Cante por Nós
1EU5suqjDDFtYZ7Y72wyMS,1sjyOHCsxcqT58GzUlzrvc,7FNnA9vBm6EKceENgCGRMb,4QTjlWk0JCR6w5S1ZVitkJ,Cobertor (Participação especial de Projota)
76KDy62J99FKu6ZsxMJy3j,1sjyOHCsxcqT58GzUlzrvc,2ZXnTEyYopSLCDiz5Z0XIf,1jUQCocnQtSBVgzdQyEEiN,Amor de Verdade
5mC4THighaz8No4EYw59ZC,1sjyOHCsxcqT58GzUlzrvc,6E2st8OqIaS7PU5gj95FSE,0SlUU2CJaYGXHUP3Dwr057,Deixe-Me Ir - LIVA Remix
77Ztfd0fzBA9sPJNVmvyGF,1sjyOHCsxcqT58GzUlzrvc,6TgVQhHx0BWvzdEQxRnr23,4OJFf8V7X7KnFsoqRqvx5F,Vagalumes
7l4DyFrK2CpW9Fdpzaio8r,1sjyOHCsxcqT58GzUlzrvc,1AL2GKpmRrKXkYIcASuRFa,3TzBWjGUv021PRyPOiOkbL,Ar Condicionado no 15 - Ao Vivo
4fSHADbZbhpZCT9oJpxwbP,1sjyOHCsxcqT58GzUlzrvc,3whgFbrRxsOmYVrq3t4hCY,5a0unzg1MHZYoeI4mtqQ4w,Ameaça
3n3PLpvalqXj0VPE3nouC1,1sjyOHCsxcqT58GzUlzrvc,3y7N5JwLz8XbU4hOvWbmRs,4TqOJiusk0WGALTvccOfcq,Vai Mostrar o Peitin Pra Mim Pique BH Fininha
2wG1R0uDFwyobcWzVssC1J,1sjyOHCsxcqT58GzUlzrvc,5wbf52LA6kcaboHSN6NEF1,5nZqQA3vUQUPl1ypuwKvrV,GALOPA
2RGIuYTsyyHoOCqW0krvNE,1sjyOHCsxcqT58GzUlzrvc,4KDxYlnGZEiS60pAnfZf4W,22MXULSCWHEYSofgElYc8d,Coração Cachorro
5m2XYNroEL5ceFFPDngYe2,1sjyOHCsxcqT58GzUlzrvc,7q1aEytv83jXNECmyaMhgn,7ECb1Hl5GRZKbf7DxdYvmv,Apita
2jwrYBGz7osKI31v50bS7b,1sjyOHCsxcqT58GzUlzrvc,3CIIaeZuFYrAD6PRVyuO4U,6e6ytT287uBWcf6jz4qEIt,Putariazinha
5VTjBl3ddZEiG2LrH4VzyR,1sjyOHCsxcqT58GzUlzrvc,7cmuxPnXRJxwuYDHfbD8Eu,4rRER0lWzXFbuYFvxQBEen,Toma Toma Vapo Vapo
5R9KPXQVeyqsHZoPLMgfNy,1sjyOHCsxcqT58GzUlzrvc,37mqXU98U5GmH5ZDtlHM1c,1uDk1yrR8cucbTmpXR1G6V,Baby Me Atende
0NBgyml7T0IvUNbXIkcSpH,1sjyOHCsxcqT58GzUlzrvc,5YwzDz4RJfTiMHS4tdR5Lf,1XrBVMRctpsTGw189yBIsl,Malvadão 3
5DEy27mge0YVglYMfjgak6,1sjyOHCsxcqT58GzUlzrvc,5M06IyTZgyRlWeNjazqsZK,0TLb9JNDquLhasSkRI0mxA,Aurora
3XSefjiSHsD34F7clH84xa,1sjyOHCsxcqT58GzUlzrvc,1yR65psqiazQpeM79CcGh8,0qy6yZjgoZ2cGGk9joy8E4,O Que Falta Em Você Sou Eu - Ao Vivo
2MZQAvsA7aZDssppBLRxYp,1sjyOHCsxcqT58GzUlzrvc,41QLxRXlc2NwfJZkHGHKid,40T4QuY2o5FmisyJf3AlEf,Batom de Cereja - Ao Vivo
5glMxRMRHGBRj6bydBjoPM,1sjyOHCsxcqT58GzUlzrvc,5wbf52LA6kcaboHSN6NEF1,3x3CccLoOFQN8jnFJxF91n,FALA MAL DE MIM
1sCQK2JrPRWymjuTfNgKRI,1sjyOHCsxcqT58GzUlzrvc,3qvcCP2J0fWi0m0uQDUf6r,1KNhNeWBVyrJSdhG1MAxWW,Cê Topa - Ao Vivo
0ZHK2kaWTvSCRWkLflRFgF,1sjyOHCsxcqT58GzUlzrvc,5wbf52LA6kcaboHSN6NEF1,2UDfOmHlspsANZcgqYiYYq,Bota pra Tremer
0rOQyLZJ9oASgtdoDZgrmK,1sjyOHCsxcqT58GzUlzrvc,7yQrcdkLdBAkV7yY9fF2Hw,3vkIrPt0ie4c9ZxKOEKvrQ,Tá Escrito
1lcGmOKmp8xUeH3JC0qPks,1sjyOHCsxcqT58GzUlzrvc,33NrinbbEctw1wsdKNgZeZ,74stTtR5J8V5FZDVdthnCp,Na Sola Da Bota
1ES3AeBEBrkvmaFUUxJFVt,1sjyOHCsxcqT58GzUlzrvc,4zsL84VX58gwFW07dWQGer,6sNiXwIpq9K9tUEepzJ1g3,Tô nem aí
1RPrzKZdkzCNV0Ux0xEHg2,1sjyOHCsxcqT58GzUlzrvc,2zGf6lwQ9PxXdoeo5XXP2K,0kt2b6HTMmlV4A5f97LZk9,Ela Só Quer Paz
4LRFv6zVYhaL9Bcn5PrYDO,1sjyOHCsxcqT58GzUlzrvc,7MiDcPa6UiV3In7lIM71IN,6QPDShgwdoyhCBYGYrltJv,Fui Fiel
32wjFFh7Ptrepu63WosPRB,1sjyOHCsxcqT58GzUlzrvc,3CDoRporvSjdzTrm99a3gi,3NGdeHNAC72Q72MlFECXWp,Socadona (feat. Mariah Angeliq e Mr. Vegas) - Funk Remix
56UOox7L4cTouYYSD8vFUc,1sjyOHCsxcqT58GzUlzrvc,61rqgwKmF0QwycnC8O82rn,0A25xZiAZeSDThIBHimp2U,E Daí
50gPsfGHy5OnPauA9455DM,1sjyOHCsxcqT58GzUlzrvc,48HORs6F9P7IgdyKrk4MZC,29KnTFADlqksb1ol2HMhwK,Rolê
4vIDc1UKDmywvfgkh49E08,1sjyOHCsxcqT58GzUlzrvc,1vp5pm1DluN0sNXx4tMZzo,03rYlGU7T1A0LD6g2awDtG,Saideira
371Up3WP7OqJNFPf0BiyUe,1sjyOHCsxcqT58GzUlzrvc,487N2T9nIPEHrlTZLL3SQs,0wQ5Sn6RU4yL6WpeiWSaBN,Largado Às Traças - Ao Vivo
6VzA0PlnznyTOLqJU8kBDb,1sjyOHCsxcqT58GzUlzrvc,4FGcERJWMg8ENOLixwF71U,1JrK27vcJfMUhaNLSR0I2e,O Sol - Diskover & Ralk Radio Edit Remix
5zNxUkUW9WiV5oyg6gh2wB,1sjyOHCsxcqT58GzUlzrvc,5wbf52LA6kcaboHSN6NEF1,0wPKAGItuL6gBgVsgxbjn1,DANÇARINA
1b0qrz3GCfvlpo05Dso8Re,1sjyOHCsxcqT58GzUlzrvc,57xRtfFlssbpntpRQOBodd,6j0eevSzWWuNeN9tkY5AZt,Pé Na Areia
2PADJK4rhdklqFLQFa5oMX,1sjyOHCsxcqT58GzUlzrvc,1vp5pm1DluN0sNXx4tMZzo,5hxexa4StN8STmpxFQaG9n,Cerveja De Garrafa (Fumaça Que Eu Faço) - Ao Vivo Em São Paulo / 2017
2wSCalnGOnXdAJC0Fn8OUY,1sjyOHCsxcqT58GzUlzrvc,3FlCKtwOEYQQYyGVEbxG2Z,0JKlc3z8LMvYXvAvCv1EzG,Vai Lá Em Casa Hoje
72g37RoelSnovZakG5MwnF,1sjyOHCsxcqT58GzUlzrvc,0BHm7qbh3ENxvXzkQAG7MP,3yHH2TjeBsCGSv5Nb2mNrn,Parada Louca
3YvE7uo4ffseBoJPh8IhHp,1sjyOHCsxcqT58GzUlzrvc,1yR65psqiazQpeM79CcGh8,5S0cTPPACcLQxZPe2X88bQ,Presepada
1n36knZX4bQ6FvcNEISVe9,1sjyOHCsxcqT58GzUlzrvc,1AL2GKpmRrKXkYIcASuRFa,0PmAoUGCiwmbjnaOaG3OCU,Amor Falso
0rUL7vUZmCKxB0gS83W3aM,1sjyOHCsxcqT58GzUlzrvc,1yR65psqiazQpeM79CcGh8,3mTbv6MyAR4KEDh0w8s9Nk,Apaixonadinha - Ao Vivo
1qCLx3nX25NuhfPjM5E1qV,1sjyOHCsxcqT58GzUlzrvc,6uYrXgVHctAJtIdSODcyLJ,5zj7hdfXIpN0OV2aFbk27J,Ouvi Dizer
3JagAY5Y8YzEJDXNPcR5gZ,1sjyOHCsxcqT58GzUlzrvc,1X6ORK7IekgmyjV6IFPszP,7LTRGI9fTyJjXxYIuGjGQy,Coladinha Em Mim - Ao Vivo
6YjyT6MEMsMc41NNWk2dYg,1sjyOHCsxcqT58GzUlzrvc,1yR65psqiazQpeM79CcGh8,4HpiwfnQvs867JNWeLy1vr,Bebaça - Ao Vivo
3mXjQTPztvXVRuL6tt6jY3,1sjyOHCsxcqT58GzUlzrvc,0i1s9WcIu0PrUvHzALgofo,5TjMovSYXlYcz8y10cBwS2,Burguesinha
2iH7RnVhofwr9NhaQ6r44K,1sjyOHCsxcqT58GzUlzrvc,5JG9GISYjRLQUJMH2C6iJ5,3XhihHyXFqyUxo5ICzp7DE,Lancinho - Ao Vivo
000xYdQfIZ4pDmBGzQalKU,1sjyOHCsxcqT58GzUlzrvc,3qvcCP2J0fWi0m0uQDUf6r,4QianJs5Ls4mxwcT7gDBww,"Eu, Você, O Mar e Ela"
1zkx0x3aP43SHG3pt9cFRY,1sjyOHCsxcqT58GzUlzrvc,7yQrcdkLdBAkV7yY9fF2Hw,7mEYsOVpITrFGkeTJWQVjj,Deixa Acontecer - Ao Vivo
0tggHfGXdr9X5B7ovu0e4q,1sjyOHCsxcqT58GzUlzrvc,33NrinbbEctw1wsdKNgZeZ,1dZn1vL0xZuwrFQyLQH33U,Bate O Pé
66rhnZizvTv2ufYpyHoWoW,1sjyOHCsxcqT58GzUlzrvc,3qvcCP2J0fWi0m0uQDUf6r,3xCayP2LKZhZotGfzVT9Fx,Chuva de Arroz - Ao Vivo
4qsOrxBv09HhNSpsgMRXdC,1sjyOHCsxcqT58GzUlzrvc,1yR65psqiazQpeM79CcGh8,5S0cTPPACcLQxZPe2X88bQ,Esqueça-Me Se For Capaz
163jRFK9PuRaTpoiqry3a0,1sjyOHCsxcqT58GzUlzrvc,3qvcCP2J0fWi0m0uQDUf6r,28Lv7ceh2zuFe07xCq3n6X,Te Esperando - Faixa Bônus
0EZuXcsnjEmGuRYdFdcctX,1sjyOHCsxcqT58GzUlzrvc,1yR65psqiazQpeM79CcGh8,4HpiwfnQvs867JNWeLy1vr,Sem Sal - Ao Vivo
5sZg4MTcTdGQNwIeXg3r6O,1sjyOHCsxcqT58GzUlzrvc,3qvcCP2J0fWi0m0uQDUf6r,6ed1a9UMAj76mV1NIj1gJ6,Um Beijo - Ao Vivo
4iXyz1JCWdvmtXRCs3nYol,1sjyOHCsxcqT58GzUlzrvc,07qXCavgZGcwnfNHSvSPtG,0xMGJi6hlbVKxfvkQCVyv9,Eu Quero Tchu Eu Quero Tcha
3TE7onIyX6VImkx1eS0dug,1sjyOHCsxcqT58GzUlzrvc,3qvcCP2J0fWi0m0uQDUf6r,1KNhNeWBVyrJSdhG1MAxWW,Tanto Faz - Ao Vivo
5JFpJWJIkEl97NgLgpo4pF,1sjyOHCsxcqT58GzUlzrvc,3qvcCP2J0fWi0m0uQDUf6r,16TISVZjZU8Y3A0rxpCJgr,Meteoro - Ao Vivo
5ZFqYsgI09PaUbH5vkrufz,1sjyOHCsxcqT58GzUlzrvc,6uYrXgVHctAJtIdSODcyLJ,5zj7hdfXIpN0OV2aFbk27J,Hipnotizou
3jSG8oE8doxDxmpe5GlFee,1sjyOHCsxcqT58GzUlzrvc,0BHm7qbh3ENxvXzkQAG7MP,2R2HWZn66G6ReXgB9Zs4wl,"Não, Não Vou"
40bK2uosUmAS92c17n98xd,1sjyOHCsxcqT58GzUlzrvc,3qvcCP2J0fWi0m0uQDUf6r,4LlZtbDgmU4SkRiALN4FAS,Acordando o Prédio
7D5F5BzIon5zhzQrOU2pdN,1sjyOHCsxcqT58GzUlzrvc,1yR65psqiazQpeM79CcGh8,4HpiwfnQvs867JNWeLy1vr,Ciumeira - Ao Vivo
4JSROzfWqKccwZ68DX1aJe,1sjyOHCsxcqT58GzUlzrvc,3qvcCP2J0fWi0m0uQDUf6r,1KNhNeWBVyrJSdhG1MAxWW,Tudo Que Você Quiser - Ao Vivo
03UlQzmQHLb3fnvfhipq0B,1sjyOHCsxcqT58GzUlzrvc,1fUSLFr4WUBx7joEcGwpvG,6t1NT9hDfx7V3B3fB3e9UK,Assim Você Mata O Papai
2brci8vFqcahGorFWq6dKN,1sjyOHCsxcqT58GzUlzrvc,4mnhyGRAuExTL4J0soT4za,17rklzbHErcUFAbUfit0sc,Novo Namorado
7gVzhRCrLRUBEGdS7zNTp0,1sjyOHCsxcqT58GzUlzrvc,7cmuxPnXRJxwuYDHfbD8Eu,7Emo7CQeKFAas8UqHniaSy,Malvada
5yH8pYxNckOU1cxfPsMIaz,1sjyOHCsxcqT58GzUlzrvc,6xlRSRMLgZbsSNd0BMobwy,1KqYanTdzHe7tWwHO4O23g,Agora é Tudo Meu
2lAyctg5FocS67eksHoyIg,1sjyOHCsxcqT58GzUlzrvc,3OxZ4asD88P1lJJmLcXz4K,0hhxRGCkTsDfYiameCrdqV,Quem Me Dera
1HJU78CRk4vxvjE5Cs1BCt,1sjyOHCsxcqT58GzUlzrvc,1cNPXWhKfjI0fT5EMCnamR,2EjRuOYSlELWIleNx7lDbe,Vidrado Em Você
2yfKDh2YAza0G8JLxIT5X9,1sjyOHCsxcqT58GzUlzrvc,4mnhyGRAuExTL4J0soT4za,17rklzbHErcUFAbUfit0sc,Quem Ama Cuida
1tYJnXtKLoWVIL4lZOouQG,1sjyOHCsxcqT58GzUlzrvc,2T1se5h5FRkw7ZfR7yxdlm,0SKpoFXvWGulci9ZGmWKCy,Cê Tá Preparada - Ao Vivo
15YEYgT0kDso9gwOcJFAmV,1sjyOHCsxcqT58GzUlzrvc,1mXAhKnZEdF6rotyyd4GBi,7J4vpR8Rl5sB7GqBIk8A8h,O Bebê
43tDjfz9Inw7Soy0jzxowN,1sjyOHCsxcqT58GzUlzrvc,487N2T9nIPEHrlTZLL3SQs,0wQ5Sn6RU4yL6WpeiWSaBN,Status Que Eu Não Queria - Ao Vivo
5kQbJGUo6PdlwngBV7sjsF,1sjyOHCsxcqT58GzUlzrvc,1cNPXWhKfjI0fT5EMCnamR,329LGoK3F5mRHVXybrJEcH,Fez assim Fiu Fiu
40Fu5zvEGp1vyTFPksatVo,1sjyOHCsxcqT58GzUlzrvc,487N2T9nIPEHrlTZLL3SQs,2uWVAReCZBKft4bKCDSEMy,Princesinha Mandona
3XyiE2wOf05NStxE4Eytqp,1sjyOHCsxcqT58GzUlzrvc,4mnhyGRAuExTL4J0soT4za,17rklzbHErcUFAbUfit0sc,Chupa Que É de Uva
3VJHy2e3aWxG4cyRh942QG,1sjyOHCsxcqT58GzUlzrvc,3qvcCP2J0fWi0m0uQDUf6r,16TISVZjZU8Y3A0rxpCJgr,Você Não Sabe o Que é Amor - Ao Vivo
4RC2nzqaQygxoVQOVv3XlT,1sjyOHCsxcqT58GzUlzrvc,7KVJCU4z5L4EUHILL8aMxR,4sH660Ggu0Xd9yShQntlmA,Contatinho - Ao Vivo
22wPTZp4xTjKszrHxvccNn,1sjyOHCsxcqT58GzUlzrvc,2zWqENF4cnsd1nLmraG9IE,79Fh6clFGM3nL5iFAEbZo1,Vamo Tomar Uma - Remix
1wtLEFD3kYHydIrPoB1TPj,1sjyOHCsxcqT58GzUlzrvc,1RnHJ07H3jcpay9PrUPjnt,3NOl60km7sAj4cE2PxuBIl,Cheia de Manias
1VapsxlgG0g2D80LeEXBqE,1sjyOHCsxcqT58GzUlzrvc,1yR65psqiazQpeM79CcGh8,0qy6yZjgoZ2cGGk9joy8E4,Alô Porteiro - Ao Vivo
3mlzAvSAmV6FGRPuIm0zTw,1sjyOHCsxcqT58GzUlzrvc,2FrLTuXGuFDzQsjKidB03W,72f9kEflL3E7DlSpGpF8ci,Tá Combinado
0dGqIEsFN3KakdPCMkgjre,1sjyOHCsxcqT58GzUlzrvc,1LGh5vyaoQP9bgTwLSMTyW,1uqofIktCiIpJZBitA6aur,Dona Maria
4oMlV3X4i2jaKRIGmTXriC,1sjyOHCsxcqT58GzUlzrvc,4dyYjqmYDjegbB3F2mbvcT,0NyaHUAuvRFfNIM1sFIV7Y,Pra Mudar a Minha Vida
0aASUtDb1N96NJDwmWj5Gf,1sjyOHCsxcqT58GzUlzrvc,7Brxri4l1ATShikyHXsEr6,5cZ2ehOhB8ZQ0yCHJZyhlh,Anna Júlia
1PWpeF2KQQzBjqkJPMqvpJ,1sjyOHCsxcqT58GzUlzrvc,7yQrcdkLdBAkV7yY9fF2Hw,50BunNkS3kyyZcWxsWicBq,Coração Radiante
0JdkDCdrhMOaeXjIZdeBXN,1sjyOHCsxcqT58GzUlzrvc,0guw2RGoUqaWKpoCY5DzWY,7oquoqetiWHdL6JIp7LrEw,Ela me Falou Que Quer Rave
59WWulo1LM0njpIkcduCMn,1sjyOHCsxcqT58GzUlzrvc,1vp5pm1DluN0sNXx4tMZzo,3pQuAFj4vMjHbLlBzectUV,Tão Linda
3uCg5JVHl2E6i8gFJxUjsp,1sjyOHCsxcqT58GzUlzrvc,6uTK3YD9CT3pLx2yEfVmXk,0TtLYG5fkX55XnbHQkGvaf,Xote Dos Milagres
38MpAndIjGAyVdcC6npX95,1sjyOHCsxcqT58GzUlzrvc,1yR65psqiazQpeM79CcGh8,0qy6yZjgoZ2cGGk9joy8E4,Infiel - Ao Vivo
1TWmemveypRq6EBwb1I9Zq,1sjyOHCsxcqT58GzUlzrvc,0drNUQoEie9lmZKhCdIE6n,48qPdek0cU1s21yVTQcXo6,Colorir Papel
1XNdu4czbxZ9tdVOhDtI4M,1sjyOHCsxcqT58GzUlzrvc,1RnHJ07H3jcpay9PrUPjnt,7oEbEk1KjiSx4VyYeCZXum,Cheia de Manias
7ARoqP7G8UYW8SyYPyPp7k,1sjyOHCsxcqT58GzUlzrvc,7FNnA9vBm6EKceENgCGRMb,6AyOkPbsH3YKjpxCLTmIgh,NO CHÃO NOVINHA
4QWumyD2uwiePBBha9XBHI,1sjyOHCsxcqT58GzUlzrvc,3CIIaeZuFYrAD6PRVyuO4U,4Ljc7jLwnwltjgugXbGOoq,No Ouvidinho
0T6QwkFrB2czW5DWj531rQ,1sjyOHCsxcqT58GzUlzrvc,3p7PcrEHaaKLJnPUGOtRlT,2pHdbp86D4AfZkSu3MVHTg,Cuida Bem Dela - Ao Vivo
2DAGCHu5aoo2FOjmtU9ojo,1sjyOHCsxcqT58GzUlzrvc,0jD7VeE1m2SdHbOWeCtB9l,6h6dMRdrULxgTAcDUPoQa6,50 Reais
6tuzPD1zPPvwMbGiD0TBay,1sjyOHCsxcqT58GzUlzrvc,14D0I0RYqvIorkPL2EWoQh,0tyHlKvPDsGxeCzqS12iPT,Fuleragem
3nXdCzDouMQKfAiiHffYxL,1sjyOHCsxcqT58GzUlzrvc,07qXCavgZGcwnfNHSvSPtG,36VTJk6RkDOJnMnmMH4KuQ,Louquinha
0RBOFW5424gCCCZrgECbt6,1sjyOHCsxcqT58GzUlzrvc,1AL2GKpmRrKXkYIcASuRFa,02W8NoSx4nKkg3Sybws8IS,Romance Com Safadeza
256rhfOQpQvN24CFJEWxQ8,1sjyOHCsxcqT58GzUlzrvc,1UbZJGwemZf22EigTv1hH5,6TYSu96eVsKo1RrVXf8deB,Quer Fuder Com os Sem Amor Vs Beat Risada
0unzszcBR5UogFIewQYFz5,1sjyOHCsxcqT58GzUlzrvc,2EKp9CjoPJOEYJrN4XY2ct,659ppKvJ5lhx0603k94aDu,Cachorro Perigoso
4YhPcVIxIAJrLhFVPGbJkE,1sjyOHCsxcqT58GzUlzrvc,1yR65psqiazQpeM79CcGh8,5EOY7EuE83D9oSeT9eR9ry,De Quem É a Culpa? - Ao Vivo
2Gvn46nwyQhUnQiFhlP7WX,1sjyOHCsxcqT58GzUlzrvc,1yR65psqiazQpeM79CcGh8,0qy6yZjgoZ2cGGk9joy8E4,Como Faz Com Ela - Ao Vivo
2Z0ndOPDVXKENAVeQeced9,1sjyOHCsxcqT58GzUlzrvc,0u1gvgaBg3WjHRFOig5Um7,7woQ2HF5AFJa48ZtF9OjyM,BEAT DO AKON (Funk Remix)
2evRcqkyzWqaD9DJtP2oaU,1sjyOHCsxcqT58GzUlzrvc,4mb1xtQVGSK5dh8AbtwBiR,0Cohwa1hNw3m6GzF5hppzb,Rabetão
3ShKPhFkexrwl7WoyTtNND,1sjyOHCsxcqT58GzUlzrvc,5JbQpbeFaKfuZVFzKwaawP,15MbkLbjzgrQchBQwybR5L,Tchuco Nela
3gCWngngUs1uojw33vrE8K,1sjyOHCsxcqT58GzUlzrvc,1elUiq4X7pxej6FRlrEzjM,3KOePCX9vdj3OrAC2ruEFk,5 Regras - Ao Vivo
1xPLY8mJWwaWC8bxmkvttG,1sjyOHCsxcqT58GzUlzrvc,3p7PcrEHaaKLJnPUGOtRlT,2TaKpYGPgN5eTnwwBU0rU2,Não Tô Valendo Nada - Ao Vivo
4yf66K0uVrsg2jg9kQ0CjY,1sjyOHCsxcqT58GzUlzrvc,4mnhyGRAuExTL4J0soT4za,4Hab0yuLDHYhfCsS0FVnHY,Coração
0RukYpMQe3RINyAZyfWUtB,1sjyOHCsxcqT58GzUlzrvc,1RnHJ07H3jcpay9PrUPjnt,64UsYiPOiVX2mFURxtLe8Y,Deus Me Livre - Ao Vivo
0cBNUJVIBh4fMCtlHxfmFm,1sjyOHCsxcqT58GzUlzrvc,3p7PcrEHaaKLJnPUGOtRlT,6NC1K9FwGUN4lsJs6L1Ftl,Não To Valendo Nada (Single)
75vGTHuhbJDrZ0oPb3FXQ9,1sjyOHCsxcqT58GzUlzrvc,4ttjWi3eElnVE8qPjqhj9x,6zQPhs0e1oymLnczYz3EA2,Pagodão do Birimbola (Tchubirabirom)
4UldILPVpnZO69ffK4B9aA,1sjyOHCsxcqT58GzUlzrvc,6WIjKbyqeO9MkfNMFJsF50,78FttDdgy6bH90nSjINf2E,Tubarão Te Amo
2bNRDSEy4J6CZNGDVHHlfD,1sjyOHCsxcqT58GzUlzrvc,4FDt8XD6ZIoPq6UAQWrMm9,4YB1MfkwT4xWmnh2bDhikO,Lucas Paquetá
6geZSlNRfUr8donymP7ksV,1sjyOHCsxcqT58GzUlzrvc,1CbQrKvCpEnekM3QMGJtXK,3uOfCDjobNbPqIOBxnc7ou,Vai Com Bundão
2mL3B5GilTm4dUT6P8LVpd,1sjyOHCsxcqT58GzUlzrvc,6OpOg5HVCc8xVf7OVrd5Fk,1n80hObcwA9Ic5k7TWqNNY,Pode Se Soltar
4SdTyIjA6FuADAN9W8sZjq,1sjyOHCsxcqT58GzUlzrvc,13ySOy7rghkjVk5f5ChBW8,6g5NSnoGpHQ7pGA0pANEBV,Bumbum granada
2pEnQImOCJiCTvDv3Lu3aE,1sjyOHCsxcqT58GzUlzrvc,3gFraZSNZQpoQ704aHC0Ev,7AVAzg0DN8Shw2yKofxBQM,Vai Soltando Pancadão - Beat do Pica Pau Maluco
3tA0vALUwrzkTgHcm9j6oJ,1sjyOHCsxcqT58GzUlzrvc,487N2T9nIPEHrlTZLL3SQs,0wQ5Sn6RU4yL6WpeiWSaBN,Notificação Preferida - Ao Vivo
7Cpd4UGXnTrloIgZpSs46e,1sjyOHCsxcqT58GzUlzrvc,1yR65psqiazQpeM79CcGh8,4HpiwfnQvs867JNWeLy1vr,Passa Mal - Ao Vivo
6sRLrSetyIwIKhW1eMlUNP,1sjyOHCsxcqT58GzUlzrvc,2Z0lRIqr997lIUiPtrpKCr,43Z8iIpoxaCrr27KILZJzs,Vou Ter Que Superar - Ao Vivo
4SZWKdNMIaUUFNmtJAxYdr,1sjyOHCsxcqT58GzUlzrvc,3p7PcrEHaaKLJnPUGOtRlT,6UuPk9eKMZBEr0HizvV2Wy,Vidinha De Balada - Ao Vivo
1Go5sZ2OZeWNyskKsX2CFW,1sjyOHCsxcqT58GzUlzrvc,2HtEBtekn0bXogyogD3PTr,5OhkNWsMJ5ILdscQMikB5d,Borboletas
2UWHLeOOB7bDuVgfVdYMCt,1sjyOHCsxcqT58GzUlzrvc,6tzRZ39aZlNqlUzQlkuhDV,3IXgUtQCYOEDOmmhvaKRKY,K.O.
0zxWyvrKyz031tFfBnkYLr,1sjyOHCsxcqT58GzUlzrvc,3p7PcrEHaaKLJnPUGOtRlT,4pUsKJjeqLi99MZbRKD03U,Como É Que A Gente Fica - Ao Vivo
1jHgfC8T5KxUyC5Ldw6lk9,1sjyOHCsxcqT58GzUlzrvc,7KVJCU4z5L4EUHILL8aMxR,6dj4bRg0LCMm7B2P5Xenq5,Zona De Perigo
2xK5QiyUZufKPSvB7bLHxa,1sjyOHCsxcqT58GzUlzrvc,1vp5pm1DluN0sNXx4tMZzo,7qlRgh3d6oIFPdfOPs7I5u,Vem - Ao Vivo
0cmW66v6mOdc2yK6ioeBT5,1sjyOHCsxcqT58GzUlzrvc,1yR65psqiazQpeM79CcGh8,7MaA96FHJqibDTnKU9Awyi,Você Não É Mais Assim - Ao Vivo
5fY9bVl1Wj4PIM3wnduWop,1sjyOHCsxcqT58GzUlzrvc,1yR65psqiazQpeM79CcGh8,3mTbv6MyAR4KEDh0w8s9Nk,Serenata - Ao Vivo
4eB8rsNNm5791m3uvEBNLR,1sjyOHCsxcqT58GzUlzrvc,487N2T9nIPEHrlTZLL3SQs,4QyeHXku1kDXZyGR9Do0Jv,Estado Decadente - Acústico
4kGdnA7FzSVsXC29LPghej,1sjyOHCsxcqT58GzUlzrvc,7cmuxPnXRJxwuYDHfbD8Eu,7hzvwdgrY4xuqKehIntS3o,Revoada No Colchão
4g8ClxSgJCAj6CwLnqBk8k,1sjyOHCsxcqT58GzUlzrvc,0drNUQoEie9lmZKhCdIE6n,6XVpo6KWa5CZ8XtoHUuX4C,Celebrar
4MdifWtRdG2iHCMSzbA7nA,1sjyOHCsxcqT58GzUlzrvc,6OpOg5HVCc8xVf7OVrd5Fk,3BQgCMCYcRf9t3V2nfBWgw,Troféu do Ano
2655xYZ347fG2N6OjkoMQ8,1sjyOHCsxcqT58GzUlzrvc,1elUiq4X7pxej6FRlrEzjM,0spzPH10djjrUshMB2z9jt,Logo Eu
4U6sgY7nMtwICiO6d2eSNp,1sjyOHCsxcqT58GzUlzrvc,5sUrlPAHlS9NEirDB8SEbF,04TLo3kfhsjXttswMuBGbS,Nao Me Compares
3M3BpvBpECKlcjjxRHzpaB,1sjyOHCsxcqT58GzUlzrvc,1on7ZQ2pvgeQF4vmIA09x5,4ecmQRyh80KLlh0lR033D4,Céu Azul
1CJ6dBpfeA5P6kjHDdk33I,1sjyOHCsxcqT58GzUlzrvc,2B8HcBRTizIsSPryM46Sb1,2J7bvomcDs23tPFqMFTEgJ,Você Virou Saudade
1Xnn1TPyr5h0hpRAT4B4EA,2Beo1ZkfG9dLlbNVuz5pD8,0KPX4Ucy9dk82uj4GpKesn,5dXeJdc2hib8JB3Vqon2zB,Bellaquita - Remix
6mAN61JH0dzyZpWslS11jy,2Beo1ZkfG9dLlbNVuz5pD8,1mcTU81TzQhprhouKaTkpq,1Flcx9eDuv7pTGM9nJBmGL,Fantasias
6qqd7DGn2VXzxsR4k3Ycun,2Beo1ZkfG9dLlbNVuz5pD8,1mcTU81TzQhprhouKaTkpq,2NQINd10CuEMzd7wBMZc7G,Fantasias - Unplugged
2XU0oxnq2qxCpomAAuJY8K,2Beo1ZkfG9dLlbNVuz5pD8,2NjfBq1NflQcKSeiDooVjY,0UywfDKYlyiu1b38DRrzYD,Dance Monkey
4VgYtXCVJ7IbWAZ5ryfvEQ,2Beo1ZkfG9dLlbNVuz5pD8,1SupJlEpv7RS2tPNRaHViT,6sTdi5hrN3uFhARaqbikjG,Muévelo
2pWOMNQJW3g2zmGjP0Vkb0,2Beo1ZkfG9dLlbNVuz5pD8,1SupJlEpv7RS2tPNRaHViT,1CYQlkKE5Q0khU6eMwVAVt,Whine Up
5m3jpKkgkfoMcym1qjToFg,2Beo1ZkfG9dLlbNVuz5pD8,2DspEsT7UXGKd2VaaedgG4,0owN7Uk2MRirowjo9PQv14,Jangueo
59s0s39NFWScuHDbHytI14,2Beo1ZkfG9dLlbNVuz5pD8,0vR2qb8m9WHeZ5ByCbimq2,4qecT0ZJrf35thz2WaEm6P,Indeciso
113PlnpZbHd3WIqeYjhZWv,2Beo1ZkfG9dLlbNVuz5pD8,4VMYDCV2IEDYJArk749S6m,6pJLqbnEE1gjMZ15dpi1cH,Definitivamente
70zg99pT51vB4wlMS7e4q7,2Beo1ZkfG9dLlbNVuz5pD8,7iK8PXO48WeuP03g8YR51W,3qppmBh6lM8UXGTZF0dyTD,La Playa - Remix
7sQKy5vlPQllr0k9IjYJv3,2Beo1ZkfG9dLlbNVuz5pD8,4SsVbpTthjScTS7U2hmr1X,1y0pdsLO6cixGzAv7Sf8rf,Sigues Con El
37zdqI4r1gswIzczSBkRon,2Beo1ZkfG9dLlbNVuz5pD8,47MpMsUfWtgyIIBEFOr4FE,46xbsFOp9g1WqTidQEs7YT,Aventura
203uubEQA07to1kbro35qQ,2Beo1ZkfG9dLlbNVuz5pD8,1GDbiv3spRmZ1XdM1jQbT7,3XlpaakfUClovZhA2lCJqX,Despacio
53uKGbcMjEc2gIWbfmvpdS,2Beo1ZkfG9dLlbNVuz5pD8,5hdhHgpxyniooUiQVaPxQ0,3YLXKSgU5SrzzkBbwzBQC2,Mírame - Remix
0A37XY67wSdGqkGjtfW6aV,2Beo1ZkfG9dLlbNVuz5pD8,1mcTU81TzQhprhouKaTkpq,2kcKdEULKToIB701VWtOPr,Fantasias - Remix
7na7Bk98usp84FaOJFPv3d,2Beo1ZkfG9dLlbNVuz5pD8,1mcTU81TzQhprhouKaTkpq,2YRwWCfsk2Uf9ycGS7FRMV,Tattoo
3mUDUujUo2g2iwUCMTlsoj,2Beo1ZkfG9dLlbNVuz5pD8,1Q7E1OPKkNyCjJ32yii9Kn,1UE3cQgN8qMsGIy89BB6iD,Tu Te Imaginas Remix
0wMs7DPFOnToNAoecvAFQc,2Beo1ZkfG9dLlbNVuz5pD8,2kqUKsTuEj1lPbm6BSn1AU,1faqBAWocW4ZOe0OFjudGw,Uniforme
2DEZmgHKAvm41k4J3R2E9Y,2Beo1ZkfG9dLlbNVuz5pD8,4q3ewBCX7sLwd24euuV69X,5lJqux7orBlA1QzyiBGti1,Safaera
3jbT1Y5MoPwEIpZndDDwVq,2Beo1ZkfG9dLlbNVuz5pD8,0GM7qgcRCORpGnfcN2tCiB,7nqA49hzXJWPH4cnM8nk6x,Adicto (with Anuel AA & Ozuna)
4BCPItsB94KDLuERZT3aNM,2Beo1ZkfG9dLlbNVuz5pD8,7vXDAI8JwjW531ouMGbfcp,2v2CUuzRvsBNb4c5Rj8nqi,Fresa
6QSu3mgC8kUYtEDoBBQcJG,2Beo1ZkfG9dLlbNVuz5pD8,5dbaLmK5SHLLg8Z4CcTJpX,0sjHYEx0vgbhUULHgJTFWs,Los Besos
1WC0hDdDOPpoi0Mj8H2tyW,2Beo1ZkfG9dLlbNVuz5pD8,7kXCcNRLEnblbTAppPraBp,0Zf4LznpsPT1EHJkb6kbvx,Date Tu Guille
099tjv6oy2opbpCOA3nBwX,2Beo1ZkfG9dLlbNVuz5pD8,4NEThNYJ3WyNcJWcmpjq88,0BeosbWOaMfZ5itwYQfw86,Dream Girl - Remix
6nGM44ZP7vSo0istUW2MOq,2Beo1ZkfG9dLlbNVuz5pD8,329e4yvIujISKGKz1BZZbO,17UNdqbdbTyTz6JdO0T0Gb,Loco - Remix
23MEeQTkSmsDS6NjL8k6I8,2Beo1ZkfG9dLlbNVuz5pD8,21451j1KhjAiaYKflxBjr1,7bXAW0bJlKegj77HgbRJm8,Te Mueves
7lUdbnz7wsv3C9zzf4WHl9,2Beo1ZkfG9dLlbNVuz5pD8,2LRoIwlKmHjgvigdNGBHNo,5cLb4vSQukBpYmox3UKa4M,"PORFA Remix ( Feat. Maluma, Nicky Jam, Sech) - Remix"
1mohfLaTJtB2RplHLQVM70,2Beo1ZkfG9dLlbNVuz5pD8,5hdhHgpxyniooUiQVaPxQ0,5emzM1P5GGeroiivNQgCq4,La Jeepeta - Remix
4jBpZsZ9qx3cZhoEfuKElF,2Beo1ZkfG9dLlbNVuz5pD8,00XhexlJEXQstHimpZN910,1wFqv2q07zfETMmB1NMDyC,La Mentira - Remix
6AzKhCHOms83jvNVLsz0Bt,2Beo1ZkfG9dLlbNVuz5pD8,7IlRNXHjoOCgEAWN5qYksg,0hUQJNECak9L5Baf75HfeV,Djadja (feat. Maluma) - Remix
5cBrOhKDyiJF9bPGUHKkG0,2Beo1ZkfG9dLlbNVuz5pD8,0KPX4Ucy9dk82uj4GpKesn,5ka8beHlVQAFdRm6IaZ9JQ,+Linda
2uu2aGqA2UblCg581Q7l1g,2Beo1ZkfG9dLlbNVuz5pD8,1i8SpTcr7yvPOmcqrbnVXY,7wwKVRpLdSYASP6dMDrLXQ,Caramelo - Remix
4HYDUMY0xSpeBr0AMY9cUz,2Beo1ZkfG9dLlbNVuz5pD8,2cPqdH7XMvwaBJEVjheH8g,5sEpXan86hEcM8eZSAoWhw,La Curiosidad
6fmQjRuo7XvRFCK2qex5hQ,2Beo1ZkfG9dLlbNVuz5pD8,7f02bxFbZIOVdSbYRNYvLT,1NTAPW8MixdsXxAi4v9hBn,Mi Cuarto
15OjBeqNX3bShsGYQbteRv,2Beo1ZkfG9dLlbNVuz5pD8,329e4yvIujISKGKz1BZZbO,1R0ocprmeDu8ZkZn29xYFx,La Tóxica
2bgcUk2A3jjKbCJ7KPquTi,2Beo1ZkfG9dLlbNVuz5pD8,3E6xrwgnVfYCrCs0ePERDz,5F7rUv9XZPAnNfeKCYkqZS,Mi Niña
0JAZWvvqttGFm4UMDsPQXC,2Beo1ZkfG9dLlbNVuz5pD8,1i8SpTcr7yvPOmcqrbnVXY,69iuPQsXel3luOSDNF0q2Q,Despeinada
3VvA1wSxukMLsvXoXtlwWx,2Beo1ZkfG9dLlbNVuz5pD8,2NfSBtmWe7oPw1EmetJVso,1dzGsItgF4Gp1G4TNsdoXU,Hecha Pa' Mi
2k6bBYA3qx3UJh6PsOq8R4,2Beo1ZkfG9dLlbNVuz5pD8,7iK8PXO48WeuP03g8YR51W,1MvJIFW3YdPA3MYlO36ipm,Cuando Bebe
59nnGpAU3AiL2tD0o2It11,2Beo1ZkfG9dLlbNVuz5pD8,4m6ubhNsdwF4psNf3R8kwR,1Sgw2Rij4RGIzFzZK2oKWE,Ayer Me Llamó Mi Ex – Remix
1xK1Gg9SxG8fy2Ya373oqb,2Beo1ZkfG9dLlbNVuz5pD8,7iK8PXO48WeuP03g8YR51W,5sIyJyOgwEIOgBhLxIGG3t,Bandido
3ThrfRAmijYU098H9q9tAs,2Beo1ZkfG9dLlbNVuz5pD8,1mcTU81TzQhprhouKaTkpq,3DxqnLZyD3wBfxdg7FnkPY,Enchule
7HxsUpCCSuP71Et8u6Jz5l,2Beo1ZkfG9dLlbNVuz5pD8,2cPqdH7XMvwaBJEVjheH8g,5sEpXan86hEcM8eZSAoWhw,Para Ti
664N81BanO9zNURGi2iliG,2Beo1ZkfG9dLlbNVuz5pD8,2cPqdH7XMvwaBJEVjheH8g,2Xz6s5xkP24hNqWCWHSsww,Dime Que Sí
4PEfJZpVjdclfzZ9XO8uDw,2Beo1ZkfG9dLlbNVuz5pD8,1RBzGO6Nm3uyhUSxP7EDWO,0UEG3km1FB7nGZHwiSun8x,HASTA ABAJO
43NqTeL8pgBxKHPMiJKUP5,2Beo1ZkfG9dLlbNVuz5pD8,7iK8PXO48WeuP03g8YR51W,3dM5WCvdXdNqLE14d16GmJ,Girl
4n7jnSxVLd8QioibtTDBDq,2Beo1ZkfG9dLlbNVuz5pD8,7vk5e3vY1uw9plTHJAMwjN,1bcvtuHyO79DNAOOhHEkEm,On My Way
1U8Ta5gcm2xhma1FQS2bKV,2Beo1ZkfG9dLlbNVuz5pD8,2R21vXR83lH98kGeO99Y66,28adqly9V7wm5DFr7hlqtK,Dime Tú
3dEtfTtCXWW7N8WQ9FD29z,2Beo1ZkfG9dLlbNVuz5pD8,1Ts9of7VPZElwPQnqnDSfW,4IoXqa2p31wSTnOIYppcG3,En Tu Cuerpo - Remix
68mrW6gXHgupgSiDHgaDi5,2Beo1ZkfG9dLlbNVuz5pD8,1SupJlEpv7RS2tPNRaHViT,3xhACmNvvaKmvdslE1bevB,Polvo
2mM3gZ0BbPwPPMelbA8vgt,2Beo1ZkfG9dLlbNVuz5pD8,7kXCcNRLEnblbTAppPraBp,77aeZo4yYPoMsnnRtPPpuk,No Te Enamores - Remix
19DZAV8eMpa4BG5jgTINTA,2Beo1ZkfG9dLlbNVuz5pD8,6bxjoq64Y0HTfMc4GIbpyJ,3466uTO2OlVjQBkgopIbvC,No Te Quiero Ver - Remix
4loQgPwJHocL3dFwLfjb1J,2Beo1ZkfG9dLlbNVuz5pD8,1mcTU81TzQhprhouKaTkpq,3fq06DDIkadDRB9RuBb22v,Reloj
7MoZgM6AsQaZw14WnKopuy,2Beo1ZkfG9dLlbNVuz5pD8,3m5qlPf2OkihLz3dRYnkPA,6TRoxZTx8HtZ2B3U7c1jVC,Miedito o Qué? (feat. KAROL G)
5YYW3yRktprLRr47WK219Y,2Beo1ZkfG9dLlbNVuz5pD8,4riOEaOW5hCeqomFDBk0aP,5Jk2ROWL8a4RxmFNiT8pvA,Ella No Es Tuya - Remix
7Bk0uXKk1uPT0XuQbpFzvs,2Beo1ZkfG9dLlbNVuz5pD8,0n6sKrG0xKAf8xmdqeNGke,7g5WqPI4CdA22Cy8LxRXCf,Fiel
16SpLgcAsIUInrzEoKJ1bz,2Beo1ZkfG9dLlbNVuz5pD8,0FDJB5xf8i09jDjIg1qNED,4HrotOSeBawsqFStVte3U8,Quien Dijo Amigos - Remix
5RAIMjdrCEjpjaR5tBATXU,2Beo1ZkfG9dLlbNVuz5pD8,1r4hJ1h58CWwUQe3MxPuau,7F8Usvm4Vj3XlRztSBRfEH,Aloha
5cpJFiNwYyWwFLH0V6B3N8,2Beo1ZkfG9dLlbNVuz5pD8,1i8SpTcr7yvPOmcqrbnVXY,69iuPQsXel3luOSDNF0q2Q,Del Mar
73HSOVmGMA0Qfo4ujlM1GF,2Beo1ZkfG9dLlbNVuz5pD8,7slfeZO9LsJbWgpkIoXBUJ,6DA3B00tS2tz6kaSlxyjrK,Tiburones - Remix
2dNhNlpZAtV4lwAFW45LIv,2Beo1ZkfG9dLlbNVuz5pD8,5hdhHgpxyniooUiQVaPxQ0,3dGUvydBX9qhg2YBMsVope,AM
7I8L3vYCLThw2FDrE6LuzE,2Beo1ZkfG9dLlbNVuz5pD8,3Apb2lGmGJaBmr0TTBJvIZ,38DYAL9bTbpSQpZwENwj78,Además de Mí - Remix
71R8HJxQk5qMiRstrlXN9t,2Beo1ZkfG9dLlbNVuz5pD8,1mcTU81TzQhprhouKaTkpq,23ceOvjypWsCUj9ZrW8Fno,2/Catorce
3EfqlNLh9HHLh8YkmezU5h,2Beo1ZkfG9dLlbNVuz5pD8,1mcTU81TzQhprhouKaTkpq,4BfohIGxdxbl1aybnyJSEV,Una Noche
5KOgVk8mYbgxk01IEgkRLf,2Beo1ZkfG9dLlbNVuz5pD8,58JXOS3y0SA0tgyJTIJYgO,7hCwdUTyEPmEefuOxe5GF1,Mienteme Vs Quien Dijo Amigox
3RasiWohReHWYM1FJ9d1ZD,2Beo1ZkfG9dLlbNVuz5pD8,0tmwSHipWxN12fsoLcFU3B,0NHD8Het1Mqslp46azKDU2,Amor en Coma
1Crj1zkRMpsEjb9NOR6Zof,2Beo1ZkfG9dLlbNVuz5pD8,716NhGYqD1jl2wI1Qkgq36,6ScNKLKYY6rpgCIJThLnMH,"L-Gante: Bzrp Music Sessions, Vol.38"
4A9u8OrzFYbxdjiydkNdUi,2Beo1ZkfG9dLlbNVuz5pD8,1Z7q2glJYLsPpPoPIgBjdE,530tno9W2FoIzPffRMOyGG,L-Gante: RKT SESSIONS #1
0G2zPzWqVjR68iNPmx2TBe,2Beo1ZkfG9dLlbNVuz5pD8,0Q8NcsJwoCbZOHHW63su5S,4MCZWUKxkvdMITh4KapBKX,Volando - Remix
4aczXDNX8bX98fLkNNdwPO,2Beo1ZkfG9dLlbNVuz5pD8,6KBhywwNM5dStjqjHeNndc,3JFNcZBzxgXxf2w6vYKU9B,Buscate Otro
51yjkR9blUWtAphR7lZl5y,2Beo1ZkfG9dLlbNVuz5pD8,6nVcHLIgY5pE2YCl8ubca1,2FA49rbLgNqFX28k1RE4Vn,Ley Seca
5Mw46yRtdiOdjqSG0eDItr,2Beo1ZkfG9dLlbNVuz5pD8,3E6xrwgnVfYCrCs0ePERDz,6hdSXoNAfGg4cRUzM94EBR,Emojis de Corazones (feat. Los Legendarios)
1jsFnIYH6MnEjMyvJn7HF1,2Beo1ZkfG9dLlbNVuz5pD8,2R21vXR83lH98kGeO99Y66,5pQwQRnQOuKrbVUVnGMEN4,Espina
34ZngZgo8xicbt1EE8Ob8Z,2Beo1ZkfG9dLlbNVuz5pD8,2kqUKsTuEj1lPbm6BSn1AU,1faqBAWocW4ZOe0OFjudGw,Porno
4uziEsK1yiqdauKVDPsmVG,2Beo1ZkfG9dLlbNVuz5pD8,1vyhD5VmyZ7KMfW5gqLgo5,54lqxBRUg66EYNyqKSKU5C,Rojo
6mm3K0yWp6uzfOMuipM9Zh,2Beo1ZkfG9dLlbNVuz5pD8,4bw2Am3p9ji3mYsXNXtQcd,4ARUAVQnIDB02yVO8uvaJE,Tan Bonita
3wrBFPDRyIGyGXxGSc970M,2Beo1ZkfG9dLlbNVuz5pD8,00XhexlJEXQstHimpZN910,0E1bECp8OZdUNAiw4i50EV,Desnudarte
7j98zmsysTeOe1cZrVnfXX,2Beo1ZkfG9dLlbNVuz5pD8,3wguwjQfKIni7Ih0FIHTq6,1rG05fHE7GjocJuDFZteNL,Tas Bella
1B0VI8xsZg7ur05npSsVvs,2Beo1ZkfG9dLlbNVuz5pD8,5RVuxgqu3esPo4LIrf4HUs,26YKRyibLjVOzf3FLR5c6p,Nanae
5bQLsyTrUaMQRfr6whwGe5,2Beo1ZkfG9dLlbNVuz5pD8,1mcTU81TzQhprhouKaTkpq,2Nt6MDJXfoxQ22tIQgWXIh,Aquel Nap ZzZz
2Gq636OOGgxCTqEuzCZhsa,2Beo1ZkfG9dLlbNVuz5pD8,716NhGYqD1jl2wI1Qkgq36,1LDCTu0ZfGLtWAzV82Pop0,"Tiago PZK: Bzrp Music Sessions, Vol. 48"
5J7teKIJGtqVypgYI6sqXj,2Beo1ZkfG9dLlbNVuz5pD8,4q3ewBCX7sLwd24euuV69X,5lJqux7orBlA1QzyiBGti1,Una Vez
2Q4MRMnSAMckugCtR5jgXT,2Beo1ZkfG9dLlbNVuz5pD8,5J7rXWjtn5HzUkJ4Jet8Fr,0A6sjLzd6wPSye48ipLBBj,Problemón
6PDlkWmrq2ZKiUuFt2aQsH,2Beo1ZkfG9dLlbNVuz5pD8,14zUHaJZo1mnYtn6IBRaRP,0Aq33KpcbXrHkuyfMhEORI,Loco
20RGQHWvqyyacpuxMBeLsZ,2Beo1ZkfG9dLlbNVuz5pD8,4PFgfReja3r59JaekHpeuf,4GFEbJYptlAq0R6GImm7oF,La Historia
0lJE8f0lx8mUSfMyxeYpiC,2Beo1ZkfG9dLlbNVuz5pD8,7vXDAI8JwjW531ouMGbfcp,0QCHhR6WxpMZBbI33s1bAf,Bar
3IAfUEeaXRX9s9UdKOJrFI,2Beo1ZkfG9dLlbNVuz5pD8,7FNnA9vBm6EKceENgCGRMb,6UsualeqgzPnb8cfaQ5nL7,Envolver
4B7mXGdCLQFulSxPTIEjPu,2Beo1ZkfG9dLlbNVuz5pD8,7FNnA9vBm6EKceENgCGRMb,33P0aSLbBtHGYPYMehkPRY,Envolver Remix
6XSzJ3PyaVHjyTuFvnCLlE,2Beo1ZkfG9dLlbNVuz5pD8,14zUHaJZo1mnYtn6IBRaRP,3G82CjjfookH6v6RPMdFsW,Tu Pollo
5xtxxuIqInrLDSfjA6Co3o,2Beo1ZkfG9dLlbNVuz5pD8,4F4pp8NUW08JuXwnoxglpN,0ShnVtpw8BRsf8vzHVQvas,Fiebre (Prod. King DouDou)
1g4h47nGXrMyaRP7Za4Fuy,2Beo1ZkfG9dLlbNVuz5pD8,2DspEsT7UXGKd2VaaedgG4,16JKU7ALzmQ8pFiHcgXUcH,Déjate Llevar
1UdzJEpgJxtuXAlCOvD4S0,2Beo1ZkfG9dLlbNVuz5pD8,5H1nN1SzW0qNeUEZvuXjAj,21IzWBMtUfaOOfFx8CiR6I,Fuera del mercado
5A1vGSsqw0UQCBxHOyPOjG,2Beo1ZkfG9dLlbNVuz5pD8,0dUyjgCyjfj5eMx6bX2TWf,4sMnAW8LBrLh7KL37MdTuo,Prende la Cámara RMX
4srcMdbm2qzVG98tJajHxp,2Beo1ZkfG9dLlbNVuz5pD8,50sIhX3HytFEwQXZJLUZQE,1cGXuAtoUe4xzxRHhvxkyW,Pantysito
30W8VKHrAZmHzObnwAoc1u,2Beo1ZkfG9dLlbNVuz5pD8,0Q8NcsJwoCbZOHHW63su5S,0QLDQG7Jx78rEUDW03IhHC,TUS LÁGRIMAS
0Bv7O6fmZk3GrNQFYJaXPn,2Beo1ZkfG9dLlbNVuz5pD8,0IEzMvarfVycBJAXjjEZOL,0GkI5Xq0n0McicAumkuGyb,"Cayó La Noche (feat. Cruz Cafuné, Abhir Hathi, Bejo, EL IMA) [Remix]"
1ycIhjQ4fQp2WqNFpSDEcX,2Beo1ZkfG9dLlbNVuz5pD8,0tmwSHipWxN12fsoLcFU3B,670aQBkW0Vvjz8GFVOVRJT,Te Olvido
5YBvKoQDMAd7IjonxPQYFN,2Beo1ZkfG9dLlbNVuz5pD8,77ziqFxp5gaInVrF2lj4ht,5Qt0bEk7a3RONCNxHJIFdx,Noche de Teteo
6C1jKbkCUgFws7M0M4oGCB,2Beo1ZkfG9dLlbNVuz5pD8,0KPX4Ucy9dk82uj4GpKesn,7GUGpSBpdK6cJmWO3KdA7r,Mejor
3k3NWokhRRkEPhCzPmV8TW,2Beo1ZkfG9dLlbNVuz5pD8,4q3ewBCX7sLwd24euuV69X,3RQQmkQEvNCY4prGKE6oc5,Ojitos Lindos
2uflssWlCaJ6CbTMOsUpNI,2Beo1ZkfG9dLlbNVuz5pD8,4q3ewBCX7sLwd24euuV69X,3RQQmkQEvNCY4prGKE6oc5,Aguacero
41oY4WCTj5kccfesTVFnvN,2Beo1ZkfG9dLlbNVuz5pD8,4q3ewBCX7sLwd24euuV69X,3RQQmkQEvNCY4prGKE6oc5,Tarot
6Xom58OOXk2SoU711L2IXO,2Beo1ZkfG9dLlbNVuz5pD8,4q3ewBCX7sLwd24euuV69X,3RQQmkQEvNCY4prGKE6oc5,Moscow Mule
6ipzb1kHhWIxp1tS0vwqPl,2Beo1ZkfG9dLlbNVuz5pD8,2LRoIwlKmHjgvigdNGBHNo,1qI0hQjYttNGAFzXR4Pu3H,Ferxxo 100
5QQKWOwPjG9vcDBTQ5Hv5Q,2Beo1ZkfG9dLlbNVuz5pD8,5wbf52LA6kcaboHSN6NEF1,47F5OvdnBKsti5MNRGJ2On,"DANÇARINA (feat. Nicky Jam, MC Pedrinho) - Remix"
5ww2BF9slyYgNOk37BlC4u,2Beo1ZkfG9dLlbNVuz5pD8,0tmwSHipWxN12fsoLcFU3B,1TpGeAzOJgAGdPkcWl95r2,La Bachata
2tTmW7RDtMQtBk7m2rYeSw,2Beo1ZkfG9dLlbNVuz5pD8,716NhGYqD1jl2wI1Qkgq36,4PNqWiJAfjj32hVvlchV5u,"Quevedo: Bzrp Music Sessions, Vol. 52"
0hzC5kZ6qKZJ9ybyW75VV8,2Beo1ZkfG9dLlbNVuz5pD8,3GPTvhZ8XfH7WkHXidvELk,7eJGJIPw6kPngdBin2b3iL,Desde Mis Ojos - Remix
6wtZPYBIXUvCpXwVjMCJBf,2Beo1ZkfG9dLlbNVuz5pD8,768O5GliF0bqscyghggrbE,7JsxzI8o2TI71jHBOIsgqm,ULTRA SOLO REMIX
5fhcuVxuBWfgNXGuyAtLmr,2Beo1ZkfG9dLlbNVuz5pD8,4bw2Am3p9ji3mYsXNXtQcd,0SXW8l00nztnoYkGT7BjJh,Los Cachos
1zsPaEkglFvxjAhrM8yhpr,2Beo1ZkfG9dLlbNVuz5pD8,1i8SpTcr7yvPOmcqrbnVXY,1kjfMVBNhsDeRyAu9zbLfF,Hey Mor
7iwJOi3hlMqZt6pj1sQOBj,2Beo1ZkfG9dLlbNVuz5pD8,52iwsT98xCoGgiGntTiR7K,5ihYKNgcOMifCJmcGp7CkW,VISTA AL MAR
16uvds0iYqjEK8m5EGEdVd,2Beo1ZkfG9dLlbNVuz5pD8,2LRoIwlKmHjgvigdNGBHNo,3js3vnaiDDghVu9ADH93Q5,BORRAXXA
4FAKtPVycI4DxoOHC01YqD,2Beo1ZkfG9dLlbNVuz5pD8,0eHQ9o50hj6ZDNBt6Ys1sD,5xefnzEqKIWnmTWYFzekGZ,Yandel 150
4FaoCozE0HEbIZwCp5XHcV,2Beo1ZkfG9dLlbNVuz5pD8,3VvNUTRCcLvm3mU1gIw9Jm,3IrRKmc80xZaWwdAe6krqG,X.O.X.O. (feat. Rvfv & Chiki El De La Vaina) - Remix
0NO2zL0kw8sGGnaMvHKAZF,2Beo1ZkfG9dLlbNVuz5pD8,1Yj5Xey7kTwvZla8sqdsdE,262bymaji1sJPAldR7YyaH,Marisola - Remix
6XbtvPmIpyCbjuT0e8cQtp,2Beo1ZkfG9dLlbNVuz5pD8,52iwsT98xCoGgiGntTiR7K,07kam1Dks7GIucbSelfvyX,Columbia
6QX6tanKOhwMpPtu1p0zAL,2Beo1ZkfG9dLlbNVuz5pD8,6UO7zshgw0fLVF6DVKg9PN,4Mw8E2g1o54rGBTFeOd5lA,La Triple M
4bADyrVual0RgJodXqRQRu,2Beo1ZkfG9dLlbNVuz5pD8,0tmwSHipWxN12fsoLcFU3B,7ubO2LZJZFpyhiWMZkRwcH,Éxtasis
3XjvMZqm2AQ8thMCD6w9w2,2Beo1ZkfG9dLlbNVuz5pD8,2R21vXR83lH98kGeO99Y66,7goOJ9hkBfNyuESHKmtGWu,Mas Rica Que Ayer
5P5foMSfFdrwtTYlL1gG6b,2Beo1ZkfG9dLlbNVuz5pD8,6JSZJddy1dORbnzdx2ZLG9,6oLimRdy1FH4KoVYD8jbW7,Te Vez Mas Linda Conmigo Que Con el
7bywjHOc0wSjGGbj04XbVi,2Beo1ZkfG9dLlbNVuz5pD8,2LRoIwlKmHjgvigdNGBHNo,0lgs2Sa82lyX89nBUWyUy6,LUNA
0QoaFLmBJyuVuzOIGy6iCS,2Beo1ZkfG9dLlbNVuz5pD8,4C3ZmIqca9MWwThLaYbfXu,2de63hNYGRgcNTXCtXQGvu,LA RANGER (feat. Myke Towers)
